,data,periodo,periodo_inicial,periodo_final,latitude,longitude
0,2018-11-04,De 17:56 a 18:26,17:56 ,18:26,-23.5366183,-46.6339921
1,2018-11-05,De 13:20 a 13:35,13:20 ,13:35,-23.5366183,-46.6339921
2,2018-11-05,De 17:02 a 19:11,17:02 ,19:11,-23.5396645,-46.6340752
3,2018-11-06,De 06:03 a 07:57,06:03 ,07:57,-23.5399147,-46.63072529999999
4,2018-11-06,De 08:25 a 08:33,08:25 ,08:33,-23.5351748,-46.6370989
5,2018-11-11,De 09:02 a 09:06,09:02 ,09:06,-23.4271371,-46.7243753
6,2018-11-11,De 16:42 a 16:48,16:42 ,16:48,-23.532489,-46.535937
7,2018-11-11,De 16:46 a 16:48,16:46 ,16:48,-23.5322419,-46.52894089999999
8,2018-11-14,De 11:17 a 11:38,11:17 ,11:38,-23.5690382,-46.4479418
9,2018-11-15,De 14:02 a 15:00,14:02 ,15:00,-23.573933,-46.736525
10,2018-11-18,De 23:27 a 23:30,23:27 ,23:30,-23.5974359,-46.6972704
11,2018-11-19,De 01:42 a 02:20,01:42 ,02:20,-23.5225187,-46.609986
12,2018-11-19,De 08:18 a 09:05,08:18 ,09:05,-23.5240623,-46.6321516
13,2018-11-19,De 21:06 a 03:13,21:06 ,03:13,-23.5405333,-46.6293921
14,2018-11-19,De 21:20 a 23:58,21:20 ,23:58,-23.5240623,-46.6321516
15,2018-11-19,De 10:38 a 12:43,10:38 ,12:43,-23.5722281,-46.7049299
16,2018-11-19,De 18:30 a 13:38,18:30 ,13:38,-23.5483716,-46.7331203
17,2018-11-19,De 06:17 a 17:46,06:17 ,17:46,-23.5456891,-46.7343506
18,2018-11-19,De 00:29 a 00:35,00:29 ,00:35,-23.5330347,-46.4511301
19,2018-11-19,De 00:58 a 01:20,00:58 ,01:20,-23.5325864,-46.4505512
20,2018-11-19,De 08:35 a 13:52,08:35 ,13:52,-23.5193621,-46.6251826
21,2018-11-20,De 11:40 a 14:58,11:40 ,14:58,-23.5628046,-46.67459239999999
22,2018-11-22,De 18:45 a 20:06,18:45 ,20:06,-23.4726383,-46.5714392
23,2018-11-23,De 18:23 a 19:05,18:23 ,19:05,-23.5488882,-46.6385329
24,2018-11-23,De 17:08 a 17:28,17:08 ,17:28,-23.5835626,-46.5751825
25,2018-11-23,De 17:20 a 17:34,17:20 ,17:34,-23.5830026,-46.5733797
26,2018-11-24,De 14:55 a 15:17,14:55 ,15:17,-23.5628168,-46.6743256
27,2018-11-25,De 20:56 a 01:04,20:56 ,01:04,-23.4271371,-46.7243753
28,2018-11-25,De 09:36 a 11:23,09:36 ,11:23,-23.5437928,-46.6327599
29,2018-11-25,De 11:46 a 14:04,11:46 ,14:04,-23.5470971,-46.63674109999999
30,2018-11-29,De 17:51 a 00:00,17:51 ,00:00,-23.5427039,-46.6268799
31,2018-11-29,De 18:16 a 18:26,18:16 ,18:26,-23.5351935,-46.581468
32,2018-11-29,De 18:36 a 19:31,18:36 ,19:31,-23.6065543,-46.5079701
33,2018-11-29,De 16:40 a 16:52,16:40 ,16:52,-23.6638686,-46.6785854
34,2018-11-30,De 21:58 a 23:58,21:58 ,23:58,-23.4726383,-46.5714392
35,2018-11-30,De 23:08 a 09:12,23:08 ,09:12,-23.5270355,-46.5947332
36,2018-11-30,De 23:24 a 23:57,23:24 ,23:57,-23.4726383,-46.5714392
37,2018-11-30,De 23:18 a 23:48,23:18 ,23:48,-23.5683345,-46.6074947
38,2018-11-30,De 22:37 a 23:40,22:37 ,23:40,-23.5197327,-46.6759048
39,2018-11-30,De 22:47 a 23:40,22:47 ,23:40,-23.5272478,-46.7402334
40,2018-11-30,De 23:25 a 09:13,23:25 ,09:13,-23.520175,-46.5553452
41,2018-11-30,De 23:27 a 09:14,23:27 ,09:14,-23.5199237,-46.6367004
42,2018-11-30,De 23:32 a 09:17,23:32 ,09:17,-23.5153037,-46.6667883
43,2018-11-30,De 23:30 a 06:17,23:30 ,06:17,-23.5550119,-46.5171162
44,2018-11-30,De 23:06 a 23:59,23:06 ,23:59,-23.513651,-46.5183461
45,2018-11-30,De 21:47 a 22:30,21:47 ,22:30,-23.5505232,-46.462323
46,2018-11-30,De 22:08 a 23:54,22:08 ,23:54,-23.5372436,-46.45792549999999
47,2018-11-30,De 22:20 a 02:43,22:20 ,02:43,-23.495693,-46.4060119
48,2018-11-30,De 21:34 a 21:47,21:34 ,21:47,-23.5179509,-46.64946399999999
49,2018-11-30,De 23:13 a 05:35,23:13 ,05:35,-23.5604515,-46.566093
50,2018-11-30,De 23:43 a 00:15,23:43 ,00:15,-23.5825769,-46.5659963
51,2018-11-30,De 23:43 a 16:57,23:43 ,16:57,-23.5825769,-46.5659963
52,2018-11-30,De 22:56 a 23:48,22:56 ,23:48,-23.7411976,-46.7058186
53,2018-11-30,De 22:48 a 23:38,22:48 ,23:38,-23.620556,-46.6277791
54,2018-11-30,De 23:11 a 23:37,23:11 ,23:37,-23.6253758,-46.6287942
55,2018-12-01,De 00:59 a 09:20,00:59 ,09:20,-23.5153037,-46.6667883
56,2018-12-01,De 01:58 a 09:39,01:58 ,09:39,-23.5127308,-46.65376850000001
57,2018-12-01,De 03:39 a 09:42,03:39 ,09:42,-23.5189326,-46.6547652
58,2018-12-01,De 05:45 a 12:54,05:45 ,12:54,-23.5137188,-46.6504947
59,2018-12-01,De 00:19 a 02:12,00:19 ,02:12,-23.4726383,-46.5714392
60,2018-12-01,De 00:19 a 00:44,00:19 ,00:44,-23.4726383,-46.5714392
61,2018-12-01,De 02:18 a 09:41,02:18 ,09:41,-23.5233965,-46.6129802
62,2018-12-01,De 05:25 a 09:40,05:25 ,09:40,-23.5179509,-46.64946399999999
63,2018-12-01,De 08:44 a 14:43,08:44 ,14:43,-23.4271371,-46.7243753
64,2018-12-01,De 12:57 a 14:44,12:57 ,14:44,-23.5255433,-46.6535881
65,2018-12-01,De 00:16 a 15:42,00:16 ,15:42,-23.5179509,-46.64946399999999
66,2018-12-01,De 02:15 a 09:43,02:15 ,09:43,-23.5115762,-46.6249014
67,2018-12-01,De 03:24 a 03:57,03:24 ,03:57,-23.5179509,-46.64946399999999
68,2018-12-01,De 05:28 a 09:41,05:28 ,09:41,-23.5115762,-46.6249014
69,2018-12-01,De 05:48 a 07:05,05:48 ,07:05,-23.5151388,-46.6412765
70,2018-12-01,De 00:40 a 15:42,00:40 ,15:42,-23.5179509,-46.64946399999999
71,2018-12-01,De 02:16 a 09:40,02:16 ,09:40,-23.5189326,-46.6547652
72,2018-12-01,De 03:01 a 03:39,03:01 ,03:39,-23.5344059,-46.7500829
73,2018-12-01,De 04:30 a 09:19,04:30 ,09:19,-23.5198356,-46.6568362
74,2018-12-01,De 05:49 a 08:51,05:49 ,08:51,-23.6238787,-46.7099683
75,2018-12-01,De 11:28 a 11:00,11:28 ,11:00,-23.5179509,-46.64946399999999
76,2018-12-01,De 11:28 a 11:00,11:28 ,11:00,-23.5179509,-46.64946399999999
77,2018-12-01,De 01:49 a 09:12,01:49 ,09:12,-23.5189326,-46.6547652
78,2018-12-01,De 02:11 a 09:39,02:11 ,09:39,-23.5146598,-46.7246391
79,2018-12-01,De 02:24 a 09:43,02:24 ,09:43,-23.512302,-46.7267119
80,2018-12-01,De 03:12 a 08:58,03:12 ,08:58,-23.5360182,-46.74658720000001
81,2018-12-01,De 03:22 a 03:33,03:22 ,03:33,-23.5151408,-46.68499449999999
82,2018-12-01,De 03:33 a 03:40,03:33 ,03:40,-23.5145184,-46.7003126
83,2018-12-01,De 03:57 a 09:12,03:57 ,09:12,-23.5133866,-46.7033226
84,2018-12-01,De 04:17 a 14:43,04:17 ,14:43,-23.5154193,-46.696145
85,2018-12-01,De 07:13 a 09:32,07:13 ,09:32,-23.5272478,-46.7402334
86,2018-12-01,De 07:45 a 09:31,07:45 ,09:31,-23.5292152,-46.7426048
87,2018-12-01,De 08:33 a 11:56,08:33 ,11:56,-23.5306517,-46.74489920000001
88,2018-12-01,De 02:04 a 09:39,02:04 ,09:39,-23.5881265,-46.6905352
89,2018-12-01,De 02:08 a 08:25,02:08 ,08:25,-23.6077583,-46.6973162
90,2018-12-01,De 03:19 a 08:23,03:19 ,08:23,-23.5870513,-46.6896484
91,2018-12-01,De 04:15 a 12:37,04:15 ,12:37,-23.6065062,-46.6969314
92,2018-12-01,De 03:45 a 09:42,03:45 ,09:42,-23.5179509,-46.64946399999999
93,2018-12-01,De 03:57 a 09:43,03:57 ,09:43,-23.5282312,-46.5850775
94,2018-12-01,De 09:43 a 11:04,09:43 ,11:04,-23.5325864,-46.4505512
95,2018-12-01,De 01:51 a 16:57,01:51 ,16:57,-23.5254518,-46.5564904
96,2018-12-02,De 07:51 a 08:40,07:51 ,08:40,-23.4868347,-46.6818386
97,2018-12-02,De 15:54 a 19:42,15:54 ,19:42,-23.5630945,-46.6739812
98,2018-12-04,De 18:06 a 20:54,18:06 ,20:54,-23.5690382,-46.4479418
99,2018-12-13,De 16:39 a 17:14,16:39 ,17:14,-23.5504292,-46.6381386
100,2018-12-13,De 17:00 a 17:52,17:00 ,17:52,-23.5427039,-46.6268799
101,2018-12-13,De 17:04 a 17:52,17:04 ,17:52,-23.5404284,-46.6295011
102,2018-12-13,De 16:25 a 17:08,16:25 ,17:08,-23.5362269,-46.5522662
103,2018-12-13,De 16:28 a 17:09,16:28 ,17:09,-23.5360498,-46.5514434
104,2018-12-13,De 16:36 a 16:48,16:36 ,16:48,-23.5479302,-46.6027783
105,2018-12-13,De 16:42 a 16:54,16:42 ,16:54,-23.5479302,-46.6027783
106,2018-12-13,De 18:02 a 19:00,18:02 ,19:00,-23.5713971,-46.598292
107,2018-12-13,De 17:00 a 19:22,17:00 ,19:22,-23.4999189,-46.5244016
108,2018-12-13,De 15:48 a 17:00,15:48 ,17:00,-23.5773899,-46.593206
109,2018-12-13,De 16:28 a 17:20,16:28 ,17:20,-23.580845,-46.585489
110,2018-12-13,De 18:06 a 19:19,18:06 ,19:19,-23.6658875,-46.7130319
111,2018-12-13,De 18:06 a 19:18,18:06 ,19:18,-23.6656924,-46.7124181
112,2018-12-13,De 15:22 a 17:52,15:22 ,17:52,-23.6435241,-46.7339741
113,2018-12-13,De 18:06 a 18:13,18:06 ,18:13,-23.6699141,-46.7326894
114,2018-12-13,De 15:26 a 15:51,15:26 ,15:51,-23.6260211,-46.6886941
115,2018-12-13,De 15:31 a 16:05,15:31 ,16:05,-23.6522565,-46.7228707
116,2018-12-13,De 15:48 a 16:58,15:48 ,16:58,-23.6224124,-46.6282342
117,2018-12-16,De 19:40 a 21:39,19:40 ,21:39,-23.5179509,-46.64946399999999
118,2018-12-18,De 23:48 a 04:21,23:48 ,04:21,-23.4032551,-46.7313454
119,2018-12-18,De 06:49 a 06:55,06:49 ,06:55,-23.538154,-46.450408
120,2018-12-18,De 08:20 a 13:26,08:20 ,13:26,-23.5325864,-46.4505512
121,2018-12-18,De 13:20 a 13:51,13:20 ,13:51,-23.5351935,-46.581468
122,2018-12-19,De 02:31 a 05:50,02:31 ,05:50,-23.404361,-46.7529665
123,2018-12-19,De 02:40 a 08:09,02:40 ,08:09,-23.4068591,-46.75017159999999
124,2018-12-19,De 17:37 a 17:59,17:37 ,17:59,-23.5492156,-46.6407569
125,2018-12-19,De 17:58 a 18:00,17:58 ,18:00,-23.5404117,-46.62906599999999
126,2018-12-19,De 17:58 a 18:19,17:58 ,18:19,-23.5400716,-46.6305941
127,2018-12-19,De 18:28 a 19:07,18:28 ,19:07,-23.530037,-46.647568
128,2018-12-19,De 19:41 a 20:08,19:41 ,20:08,-23.5427039,-46.6268799
129,2018-12-19,De 08:33 a 08:46,08:33 ,08:46,-23.5725782,-46.7045018
130,2018-12-19,De 17:12 a 18:06,17:12 ,18:06,-23.53525,-46.5826757
131,2018-12-19,De 17:16 a 17:49,17:16 ,17:49,-23.5366178,-46.5889416
132,2018-12-19,De 17:18 a 18:05,17:18 ,18:05,-23.5380499,-46.5989774
133,2018-12-20,De 00:44 a 01:40,00:44 ,01:40,-23.5343926,-46.6490374
134,2018-12-20,De 00:10 a 00:19,00:10 ,00:19,-23.566567,-46.66903
135,2018-12-20,De 01:59 a 02:15,01:59 ,02:15,-23.5628046,-46.67459239999999
136,2018-12-20,De 19:39 a 20:01,19:39 ,20:01,-23.6077583,-46.6973162
137,2018-12-23,De 23:23 a 23:39,23:23 ,23:39,-23.4559559,-46.7203198
138,2018-12-23,De 03:29 a 04:34,03:29 ,04:34,-23.6514591,-46.757182
139,2018-12-23,De 16:05 a 16:51,16:05 ,16:51,-23.6491124,-46.7295005
140,2018-12-23,De 09:12 a 09:25,09:12 ,09:25,-23.6395503,-46.7225777
141,2018-12-23,De 15:45 a 16:22,15:45 ,16:22,-23.6411782,-46.724097
142,2018-12-23,De 15:47 a 16:50,15:47 ,16:50,-23.6522565,-46.7228707
143,2018-12-23,De 16:07 a 16:51,16:07 ,16:51,-23.6462723,-46.7253607
144,2018-12-24,De 08:23 a 09:40,08:23 ,09:40,-23.4559559,-46.7203198
145,2018-12-24,De 08:12 a 08:15,08:12 ,08:15,-23.5397543,-46.459767
146,2018-12-24,De 06:28 a 06:27,06:28 ,06:27,-23.5325864,-46.4505512
147,2018-12-25,De 16:48 a 16:56,16:48 ,16:56,-23.5228991,-46.63029849999999
148,2018-12-26,De 07:05 a 10:26,07:05 ,10:26,-23.5240108,-46.630318
149,2018-12-28,De 17:17 a 18:59,17:17 ,18:59,-23.513408,-46.6243676
150,2018-12-28,De 15:12 a 15:35,15:12 ,15:35,-23.5874712,-46.5931047
151,2018-12-28,De 15:20 a 15:36,15:20 ,15:36,-23.5795126,-46.5720433
152,2019-01-01,De 17:16 a 22:29,17:16 ,22:29,-23.4029034,-46.7528997
153,2019-01-01,De 17:33 a 22:29,17:33 ,22:29,-23.4038505,-46.7531618
154,2019-01-01,De 18:01 a 22:29,18:01 ,22:29,-23.4076344,-46.7506224
155,2019-01-01,De 19:04 a 21:09,19:04 ,21:09,-23.4058093,-46.7352023
156,2019-01-01,De 18:34 a 19:23,18:34 ,19:23,-23.5504292,-46.6381386
157,2019-01-01,De 19:52 a 21:00,19:52 ,21:00,-23.5436382,-46.7331109
158,2019-01-01,De 16:25 a 17:23,16:25 ,17:23,-23.5409715,-46.4494444
159,2019-01-01,De 18:20 a 18:26,18:20 ,18:26,-23.5728903,-46.44547739999999
160,2019-01-01,De 19:21 a 17:23,19:21 ,17:23,-23.5409715,-46.4494444
161,2019-01-01,De 16:12 a 17:30,16:12 ,17:30,-23.5533318,-46.57331139999999
162,2019-01-01,De 19:19 a 19:32,19:19 ,19:32,-23.552072,-46.5769369
163,2019-01-02,De 15:05 a 15:22,15:05 ,15:22,-23.5705044,-46.4491428
164,2019-01-03,De 17:27 a 17:42,17:27 ,17:42,-23.5488882,-46.6385329
165,2019-01-03,De 19:43 a 20:18,19:43 ,20:18,-23.5629636,-46.6400328
166,2019-01-03,De 19:52 a 20:04,19:52 ,20:04,-23.5450933,-46.6367485
167,2019-01-03,De 19:56 a 21:00,19:56 ,21:00,-23.5178918,-46.6528819
168,2019-01-04,De 15:11 a 15:54,15:11 ,15:54,-23.5086834,-46.5997792
169,2019-01-04,De 14:45 a 15:03,14:45 ,15:03,-23.5404284,-46.6295011
170,2019-01-04,De 15:04 a 15:53,15:04 ,15:53,-23.5392541,-46.62754899999999
171,2019-01-04,De 15:56 a 17:56,15:56 ,17:56,-23.5427039,-46.6268799
172,2019-01-04,De 17:52 a 19:30,17:52 ,19:30,-23.5396789,-46.630481
173,2019-01-04,De 15:53 a 18:49,15:53 ,18:49,-23.5195747,-46.6741744
174,2019-01-04,De 15:15 a 15:33,15:15 ,15:33,-23.5898417,-46.6930118
175,2019-01-04,De 14:59 a 15:22,14:59 ,15:22,-23.5179509,-46.64946399999999
176,2019-01-04,De 18:41 a 19:10,18:41 ,19:10,-23.5366178,-46.5889416
177,2019-01-04,De 18:20 a 19:00,18:20 ,19:00,-23.5802348,-46.5852468
178,2019-01-04,De 14:26 a 15:25,14:26 ,15:25,-23.5974359,-46.6972704
179,2019-01-04,De 14:26 a 16:31,14:26 ,16:31,-23.6618529,-46.7063713
180,2019-01-04,De 14:25 a 15:25,14:25 ,15:25,-23.6127701,-46.6988729
181,2019-01-04,De 14:34 a 15:27,14:34 ,15:27,-23.6522565,-46.7228707
182,2019-01-04,De 14:47 a 15:03,14:47 ,15:03,-23.6256401,-46.69167590000001
183,2019-01-04,De 14:34 a 15:18,14:34 ,15:18,-23.620556,-46.6277791
184,2019-01-04,De 14:48 a 15:19,14:48 ,15:19,-23.6226146,-46.62937530000001
185,2019-01-04,De 14:55 a 15:21,14:55 ,15:21,-23.6265121,-46.6294583
186,2019-01-04,De 15:02 a 15:19,15:02 ,15:19,-23.611042,-46.6283031
187,2019-01-06,De 19:54 a 20:34,19:54 ,20:34,-23.4726383,-46.5714392
188,2019-01-08,De 16:22 a 17:47,16:22 ,17:47,-23.5504292,-46.6381386
189,2019-01-08,De 17:09 a 17:57,17:09 ,17:57,-23.5364131,-46.64242609999999
190,2019-01-08,De 16:20 a 17:51,16:20 ,17:51,-23.5726084,-46.5044544
191,2019-01-08,De 17:13 a 17:29,17:13 ,17:29,-23.5500133,-46.60135229999999
192,2019-01-08,De 16:15 a 18:15,16:15 ,18:15,-23.5835626,-46.5751825
193,2019-01-08,De 16:17 a 18:15,16:17 ,18:15,-23.5840865,-46.5843941
194,2019-01-08,De 16:21 a 18:15,16:21 ,18:15,-23.5830108,-46.568617
195,2019-01-08,De 16:48 a 18:20,16:48 ,18:20,-23.5791166,-46.6254293
196,2019-01-08,De 17:04 a 17:30,17:04 ,17:30,-23.5945235,-46.5976527
197,2019-01-08,De 17:09 a 17:49,17:09 ,17:49,-23.5771931,-46.60910459999999
198,2019-01-10,De 22:37 a 00:56,22:37 ,00:56,-23.6133909,-46.6983976
199,2019-01-10,De 23:18 a 00:45,23:18 ,00:45,-23.5914102,-46.6897221
200,2019-01-10,De 23:20 a 00:41,23:20 ,00:41,-23.5881265,-46.6905352
201,2019-01-10,De 22:45 a 23:20,22:45 ,23:20,-23.6189923,-46.6830422
202,2019-01-10,De 22:58 a 23:36,22:58 ,23:36,-23.6653157,-46.6781231
203,2019-01-10,De 22:40 a 23:25,22:40 ,23:25,-23.620556,-46.6277791
204,2019-01-10,De 22:47 a 23:25,22:47 ,23:25,-23.6193201,-46.62772890000001
205,2019-01-11,De 16:22 a 17:56,16:22 ,17:56,-23.5179509,-46.64946399999999
206,2019-01-11,De 17:40 a 17:45,17:40 ,17:45,-23.5179509,-46.64946399999999
207,2019-01-11,De 01:19 a 01:44,01:19 ,01:44,-23.5617929,-46.6580219
208,2019-01-11,De 08:12 a 09:57,08:12 ,09:57,-23.5855524,-46.6890057
209,2019-01-11,De 17:25 a 17:46,17:25 ,17:46,-23.7063548,-46.7843513
210,2019-01-13,De 15:53 a ,15:53 ,,-23.766443,-46.71705069999999
211,2019-01-14,De 18:00 a 18:15,18:00 ,18:15,-23.540056,-46.5423531
212,2019-01-14,De 18:19 a 18:36,18:19 ,18:36,-23.5414672,-46.45937439999999
213,2019-01-14,De 17:39 a 18:35,17:39 ,18:35,-23.5380499,-46.5989774
214,2019-01-14,De 16:41 a 17:10,16:41 ,17:10,-23.6638686,-46.6785854
215,2019-01-14,De 16:46 a 17:47,16:46 ,17:47,-23.6814862,-46.69453490000001
216,2019-01-14,De 17:40 a 17:45,17:40 ,17:45,-23.5834742,-46.654522
217,2019-01-16,De 05:11 a 05:28,05:11 ,05:28,-23.5254518,-46.5564904
218,2019-01-17,De 18:32 a 21:53,18:32 ,21:53,-23.5189326,-46.6547652
219,2019-01-17,De 18:41 a 19:02,18:41 ,19:02,-23.5039206,-46.6846383
220,2019-01-17,De 18:58 a 19:02,18:58 ,19:02,-23.5039206,-46.6846383
221,2019-01-17,De 19:09 a 19:42,19:09 ,19:42,-23.5505199,-46.63330939999999
222,2019-01-17,De 18:37 a 19:22,18:37 ,19:22,-23.5557717,-46.6494827
223,2019-01-17,De 18:41 a 19:27,18:41 ,19:27,-23.5504292,-46.6381386
224,2019-01-17,De 18:57 a 19:35,18:57 ,19:35,-23.5364131,-46.64242609999999
225,2019-01-17,De 19:03 a 19:23,19:03 ,19:23,-23.5553996,-46.6496127
226,2019-01-17,De 18:23 a 19:48,18:23 ,19:48,-23.5725782,-46.7045018
227,2019-01-17,De 18:24 a 18:30,18:24 ,18:30,-23.5327743,-46.6754241
228,2019-01-17,De 18:24 a 19:08,18:24 ,19:08,-23.5263631,-46.6822994
229,2019-01-17,De 18:29 a 19:36,18:29 ,19:36,-23.526942,-46.6840671
230,2019-01-17,De 18:36 a 19:55,18:36 ,19:55,-23.5195747,-46.6741744
231,2019-01-17,De 19:12 a 19:55,19:12 ,19:55,-23.5216144,-46.66750039999999
232,2019-01-17,De 19:17 a 20:48,19:17 ,20:48,-23.5189326,-46.6547652
233,2019-01-17,De 18:07 a 18:15,18:07 ,18:15,-23.5845126,-46.6876749
234,2019-01-17,De 18:10 a 18:40,18:10 ,18:40,-23.5576948,-46.6862121
235,2019-01-17,De 18:20 a 18:43,18:20 ,18:43,-23.5641608,-46.6778872
236,2019-01-17,De 19:10 a 21:02,19:10 ,21:02,-23.5542021,-46.7081671
237,2019-01-17,De 19:37 a 20:24,19:37 ,20:24,-23.5380499,-46.5989774
238,2019-01-17,De 21:49 a 21:53,21:49 ,21:53,-23.5230976,-46.5582997
239,2019-01-17,De 17:34 a 19:25,17:34 ,19:25,-23.6415424,-46.7241725
240,2019-01-17,De 17:49 a 18:00,17:49 ,18:00,-23.5834742,-46.654522
241,2019-01-18,De 17:51 a 18:14,17:51 ,18:14,-23.6567885,-46.7356664
242,2019-01-18,De 16:55 a 18:07,16:55 ,18:07,-23.6841075,-46.691945
243,2019-01-19,De 19:42 a 20:19,19:42 ,20:19,-23.5921613,-46.7317735
244,2019-01-19,De 20:01 a 21:30,20:01 ,21:30,-23.6010331,-46.7185488
245,2019-01-19,De 20:04 a 21:30,20:04 ,21:30,-23.6115932,-46.7542352
246,2019-01-19,De 20:04 a 21:30,20:04 ,21:30,-23.5834742,-46.654522
247,2019-01-20,De 02:43 a 02:51,02:43 ,02:51,-23.5282312,-46.5850775
248,2019-01-20,De 02:00 a 08:29,02:00 ,08:29,-23.6190603,-46.6280469
249,2019-01-22,De 15:20 a 16:30,15:20 ,16:30,-23.5157253,-46.6404566
250,2019-01-22,De 15:42 a 18:30,15:42 ,18:30,-23.5040151,-46.6308881
251,2019-01-22,De 16:33 a 18:43,16:33 ,18:43,-23.5138458,-46.6240427
252,2019-01-22,De 17:14 a 18:52,17:14 ,18:52,-23.5179509,-46.64946399999999
253,2019-01-22,De 15:04 a 16:20,15:04 ,16:20,-23.5240737,-46.62877599999999
254,2019-01-22,De 15:42 a 16:57,15:42 ,16:57,-23.5513576,-46.6403225
255,2019-01-22,De 15:56 a 18:55,15:56 ,18:55,-23.5427039,-46.6268799
256,2019-01-22,De 17:25 a 18:29,17:25 ,18:29,-23.53704,-46.649866
257,2019-01-22,De 18:54 a 21:00,18:54 ,21:00,-23.528301,-46.7398231
258,2019-01-22,De 16:35 a 18:51,16:35 ,18:51,-23.5898417,-46.6930118
259,2019-01-22,De 16:56 a 17:51,16:56 ,17:51,-23.6023302,-46.695452
260,2019-01-22,De 16:27 a 21:00,16:27 ,21:00,-23.5179509,-46.64946399999999
261,2019-01-22,De 16:25 a 18:10,16:25 ,18:10,-23.605464,-46.6930699
262,2019-01-23,De 17:40 a 19:10,17:40 ,19:10,-23.4065988,-46.7505867
263,2019-01-23,De 18:00 a 19:10,18:00 ,19:10,-23.404361,-46.7529665
264,2019-01-24,De 15:53 a 16:22,15:53 ,16:22,-23.4938829,-46.6102733
265,2019-01-24,De 16:07 a 16:23,16:07 ,16:23,-23.5053809,-46.6051545
266,2019-01-24,De 16:42 a 18:14,16:42 ,18:14,-23.4065988,-46.7505867
267,2019-01-24,De 16:04 a 16:43,16:04 ,16:43,-23.5364131,-46.64242609999999
268,2019-01-24,De 16:22 a 16:50,16:22 ,16:50,-23.5504292,-46.6381386
269,2019-01-24,De 16:23 a 16:40,16:23 ,16:40,-23.5492156,-46.6407569
270,2019-01-24,De 16:32 a 16:40,16:32 ,16:40,-23.5493015,-46.6393521
271,2019-01-24,De 16:38 a 17:45,16:38 ,17:45,-23.5560709,-46.6291905
272,2019-01-24,De 16:45 a 18:19,16:45 ,18:19,-23.5382858,-46.6412357
273,2019-01-24,De 16:52 a 18:28,16:52 ,18:28,-23.5247791,-46.6307676
274,2019-01-24,De 17:06 a 17:42,17:06 ,17:42,-23.5571917,-46.6285664
275,2019-01-24,De 16:35 a 18:30,16:35 ,18:30,-23.582708,-46.77084019999999
276,2019-01-24,De 17:33 a 18:30,17:33 ,18:30,-23.5771924,-46.7816735
277,2019-01-24,De 16:21 a 17:27,16:21 ,17:27,-23.5195747,-46.6741744
278,2019-01-24,De 16:34 a 17:15,16:34 ,17:15,-23.518635,-46.6758825
279,2019-01-24,De 16:36 a 16:45,16:36 ,16:45,-23.5263631,-46.6822994
280,2019-01-24,De 16:51 a 17:21,16:51 ,17:21,-23.512959,-46.68271679999999
281,2019-01-24,De 16:25 a 16:34,16:25 ,16:34,-23.5479302,-46.6027783
282,2019-01-24,De 16:49 a 17:09,16:49 ,17:09,-23.5442834,-46.5926346
283,2019-01-24,De 17:22 a 18:49,17:22 ,18:49,-23.5380499,-46.5989774
284,2019-01-24,De 16:46 a 17:17,16:46 ,17:17,-23.5685285,-46.6078912
285,2019-01-25,De 18:02 a 19:30,18:02 ,19:30,-23.4065988,-46.7505867
286,2019-01-25,De 17:17 a 18:33,17:17 ,18:33,-23.5179509,-46.64946399999999
287,2019-01-25,De 00:55 a 01:16,00:55 ,01:16,-23.5494504,-46.6306465
288,2019-01-25,De 22:54 a 22:30,22:54 ,22:30,-23.5494504,-46.6306465
289,2019-01-25,De 17:34 a 18:24,17:34 ,18:24,-23.5507525,-46.7248459
290,2019-01-25,De 17:01 a 20:22,17:01 ,20:22,-23.5234476,-46.6494921
291,2019-01-25,De 18:29 a 19:07,18:29 ,19:07,-23.5270224,-46.5552084
292,2019-01-25,De 17:11 a 17:32,17:11 ,17:32,-23.5867387,-46.5902006
293,2019-01-25,De 17:25 a 18:17,17:25 ,18:17,-23.6209872,-46.6783054
294,2019-01-25,De 17:30 a 19:34,17:30 ,19:34,-23.6367832,-46.6926966
295,2019-01-25,De 17:16 a 18:27,17:16 ,18:27,-23.6071829,-46.6656996
296,2019-01-25,De 17:20 a 21:26,17:20 ,21:26,-23.6104774,-46.6685525
297,2019-01-25,De 17:38 a 18:26,17:38 ,18:26,-23.6071829,-46.6656996
298,2019-01-26,De 19:38 a 19:57,19:38 ,19:57,-23.5974359,-46.6972704
299,2019-01-26,De 20:58 a 22:34,20:58 ,22:34,-23.5582886,-46.7115218
300,2019-01-26,De 19:41 a 20:57,19:41 ,20:57,-23.5727497,-46.7110636
301,2019-01-26,De 19:44 a 20:58,19:44 ,20:58,-23.556321,-46.7206852
302,2019-01-26,De 19:46 a 20:00,19:46 ,20:00,-23.6238787,-46.7099683
303,2019-01-26,De 19:09 a 19:40,19:09 ,19:40,-23.6040704,-46.6796195
304,2019-01-26,De 18:14 a 19:47,18:14 ,19:47,-23.6487767,-46.718761
305,2019-01-26,De 18:43 a 23:26,18:43 ,23:26,-23.6237935,-46.6961212
306,2019-01-26,De 18:52 a 20:04,18:52 ,20:04,-23.6359596,-46.6613117
307,2019-01-26,De 19:03 a 19:49,19:03 ,19:49,-23.6264229,-46.6874891
308,2019-01-26,De 18:45 a 22:36,18:45 ,22:36,-23.6056014,-46.6642102
309,2019-01-26,De 18:57 a 22:32,18:57 ,22:32,-23.6071829,-46.6656996
310,2019-01-26,De 19:12 a 19:41,19:12 ,19:41,-23.5983915,-46.68809299999999
311,2019-01-26,De 19:20 a 22:34,19:20 ,22:34,-23.6071829,-46.6656996
312,2019-01-26,De 19:21 a 22:34,19:21 ,22:34,-23.5998415,-46.6521959
313,2019-01-29,De 19:15 a 19:16,19:15 ,19:16,-23.53704,-46.649866
314,2019-01-29,De 17:37 a 18:01,17:37 ,18:01,-23.5937481,-46.7890998
315,2019-01-30,De 17:12 a 18:02,17:12 ,18:02,-23.5505199,-46.63330939999999
316,2019-01-30,De 17:13 a 18:04,17:13 ,18:04,-23.5043247,-46.6816206
317,2019-01-30,De 17:23 a 18:45,17:23 ,18:45,-23.5189326,-46.6547652
318,2019-01-30,De 17:24 a 19:58,17:24 ,19:58,-23.5039206,-46.6846383
319,2019-01-30,De 17:30 a 18:23,17:30 ,18:23,-23.5137738,-46.6534336
320,2019-01-30,De 18:02 a 18:45,18:02 ,18:45,-23.5153488,-46.65163039999999
321,2019-01-30,De 17:10 a 18:11,17:10 ,18:11,-23.4726383,-46.5714392
322,2019-01-30,De 17:15 a 18:03,17:15 ,18:03,-23.4938829,-46.6102733
323,2019-01-30,De 17:17 a 18:13,17:17 ,18:13,-23.5053809,-46.6051545
324,2019-01-30,De 17:10 a 18:22,17:10 ,18:22,-23.4872,-46.6081613
325,2019-01-30,De 17:11 a 18:01,17:11 ,18:01,-23.5041705,-46.6246697
326,2019-01-30,De 17:15 a 18:22,17:15 ,18:22,-23.4925274,-46.6105814
327,2019-01-30,De 17:27 a 19:08,17:27 ,19:08,-23.5039307,-46.6224815
328,2019-01-30,De 16:59 a 18:00,16:59 ,18:00,-23.5404284,-46.6295011
329,2019-01-30,De 17:06 a 17:55,17:06 ,17:55,-23.5179509,-46.64946399999999
330,2019-01-30,De 17:16 a 18:41,17:16 ,18:41,-23.5380457,-46.6415765
331,2019-01-30,De 17:19 a 19:05,17:19 ,19:05,-23.5364131,-46.64242609999999
332,2019-01-30,De 18:14 a 18:54,18:14 ,18:54,-23.5393955,-46.6363454
333,2019-01-30,De 18:21 a 19:08,18:21 ,19:08,-23.5228991,-46.63029849999999
334,2019-01-30,De 17:16 a 17:28,17:16 ,17:28,-23.5195747,-46.6741744
335,2019-01-30,De 17:17 a 19:46,17:17 ,19:46,-23.5195747,-46.6741744
336,2019-01-30,De 17:20 a 18:05,17:20 ,18:05,-23.5206876,-46.70153699999999
337,2019-01-30,De 17:21 a 19:09,17:21 ,19:09,-23.5258213,-46.7021734
338,2019-01-30,De 17:30 a 17:57,17:30 ,17:57,-23.5263631,-46.6822994
339,2019-01-30,De 17:41 a 18:26,17:41 ,18:26,-23.5153037,-46.6667883
340,2019-01-30,De 18:24 a 18:54,18:24 ,18:54,-23.5182063,-46.668077
341,2019-02-04,De 03:56 a 10:01,03:56 ,10:01,-23.5153037,-46.6667883
342,2019-02-04,De 03:26 a 14:00,03:26 ,14:00,-23.5080754,-46.6125401
343,2019-02-04,De 06:46 a 11:16,06:46 ,11:16,-23.518306,-46.627784
344,2019-02-04,De 07:24 a 10:02,07:24 ,10:02,-23.5179509,-46.64946399999999
345,2019-02-04,De 03:14 a 04:26,03:14 ,04:26,-23.5678389,-46.6066929
346,2019-02-04,De 03:53 a 09:50,03:53 ,09:50,-23.5247791,-46.6307676
347,2019-02-04,De 04:54 a 09:37,04:54 ,09:37,-23.5228991,-46.63029849999999
348,2019-02-04,De 07:47 a 07:22,07:47 ,07:22,-23.5240108,-46.630318
349,2019-02-04,De 08:08 a 13:30,08:08 ,13:30,-23.5375715,-46.64175119999999
350,2019-02-04,De 06:56 a 08:34,06:56 ,08:34,-23.5725782,-46.7045018
351,2019-02-04,De 04:23 a 03:12,04:23 ,03:12,-23.526942,-46.6840671
352,2019-02-04,De 07:34 a 07:47,07:34 ,07:47,-23.5333464,-46.7285291
353,2019-02-04,De 07:34 a 07:45,07:34 ,07:45,-23.5246536,-46.7366015
354,2019-02-04,De 05:12 a 11:18,05:12 ,11:18,-23.5898417,-46.6930118
355,2019-02-04,De 05:58 a 09:22,05:58 ,09:22,-23.6065062,-46.6969314
356,2019-02-04,De 06:15 a 09:22,06:15 ,09:22,-23.5409715,-46.4494444
357,2019-02-04,De 02:53 a 04:26,02:53 ,04:26,-23.5479302,-46.6027783
358,2019-02-04,De 03:14 a 03:32,03:14 ,03:32,-23.544691,-46.595242
359,2019-02-04,De 03:23 a 10:01,03:23 ,10:01,-23.5179509,-46.64946399999999
360,2019-02-04,De 05:13 a 10:22,05:13 ,10:22,-23.5380499,-46.5989774
361,2019-02-04,De 05:06 a 16:40,05:06 ,16:40,-23.5409439,-46.4841729
362,2019-02-04,De 03:13 a 04:30,03:13 ,04:30,-23.584128,-46.5770499
363,2019-02-04,De 06:40 a 12:42,06:40 ,12:42,-23.5867387,-46.5902006
364,2019-02-04,De 02:21 a 04:26,02:21 ,04:26,-23.6640959,-46.6778151
365,2019-02-04,De 03:21 a 04:30,03:21 ,04:30,-23.7262849,-46.7008721
366,2019-02-04,De 08:06 a 09:50,08:06 ,09:50,-23.7738608,-46.7209628
367,2019-02-04,De 03:03 a 04:12,03:03 ,04:12,-23.6618529,-46.7063713
368,2019-02-04,De 03:05 a 04:30,03:05 ,04:30,-23.6264229,-46.6874891
369,2019-02-04,De 03:26 a 04:35,03:26 ,04:35,-23.6620058,-46.70606979999999
370,2019-02-04,De 03:39 a 04:30,03:39 ,04:30,-23.6256401,-46.69167590000001
371,2019-02-04,De 03:58 a 04:58,03:58 ,04:58,-23.6077583,-46.6973162
372,2019-02-04,De 04:05 a 04:42,04:05 ,04:42,-23.6091384,-46.6962422
373,2019-02-04,De 02:38 a 03:38,02:38 ,03:38,-23.6194072,-46.6275169
374,2019-02-04,De 02:38 a 02:50,02:38 ,02:50,-23.6294542,-46.63095029999999
375,2019-02-04,De 02:47 a 04:02,02:47 ,04:02,-23.6193201,-46.62772890000001
376,2019-02-04,De 03:14 a 04:32,03:14 ,04:32,-23.6193201,-46.62772890000001
377,2019-02-06,De 07:43 a 13:04,07:43 ,13:04,-23.4268241,-46.7247753
378,2019-02-06,De 07:43 a 13:05,07:43 ,13:05,-23.4345656,-46.7202454
379,2019-02-06,De 12:55 a 13:21,12:55 ,13:21,-23.5065372,-46.7184784
380,2019-02-06,De 13:11 a 13:35,13:11 ,13:35,-23.4068565,-46.7501758
381,2019-02-06,De 07:51 a 07:45,07:51 ,07:45,-23.5228991,-46.63029849999999
382,2019-02-06,De 12:56 a 13:05,12:56 ,13:05,-23.5254061,-46.6312236
383,2019-02-06,De 12:56 a 13:05,12:56 ,13:05,-23.5240623,-46.6321516
384,2019-02-06,De 13:20 a 15:29,13:20 ,15:29,-23.5187464,-46.6300234
385,2019-02-06,De 16:01 a 16:48,16:01 ,16:48,-23.5542462,-46.6281314
386,2019-02-06,De 18:36 a 21:50,18:36 ,21:50,-23.5427039,-46.6268799
387,2019-02-06,De 09:00 a 09:14,09:00 ,09:14,-23.5245648,-46.7367274
388,2019-02-06,De 09:02 a 16:12,09:02 ,16:12,-23.5171058,-46.7258309
389,2019-02-06,De 18:29 a 19:56,18:29 ,19:56,-23.5246025,-46.7347232
390,2019-02-06,De 10:18 a 12:19,10:18 ,12:19,-23.5708892,-46.69263979999999
391,2019-02-06,De 10:56 a 16:57,10:56 ,16:57,-23.5575611,-46.7109394
392,2019-02-06,De 13:08 a 13:58,13:08 ,13:58,-23.5898417,-46.6930118
393,2019-02-06,De 13:15 a 13:35,13:15 ,13:35,-23.4046872,-46.7499627
394,2019-02-06,De 13:33 a 13:49,13:33 ,13:49,-23.5898417,-46.6930118
395,2019-02-06,De 13:45 a 19:08,13:45 ,19:08,-23.6065062,-46.6969314
396,2019-02-06,De 13:49 a 20:05,13:49 ,20:05,-23.5898417,-46.6930118
397,2019-02-06,De 20:07 a 21:46,20:07 ,21:46,-23.6065062,-46.6969314
398,2019-02-06,De 20:11 a 21:49,20:11 ,21:49,-23.5898417,-46.6930118
399,2019-02-06,De 07:59 a 08:24,07:59 ,08:24,-23.5404303,-46.449727
400,2019-02-06,De 18:25 a 20:00,18:25 ,20:00,-23.5395358,-46.458932
401,2019-02-06,De 06:41 a 09:42,06:41 ,09:42,-23.5380499,-46.5989774
402,2019-02-06,De 07:42 a 09:38,07:42 ,09:38,-23.5400925,-46.61158589999999
403,2019-02-06,De 07:59 a 08:30,07:59 ,08:30,-23.538154,-46.450408
404,2019-02-06,De 12:56 a 16:56,12:56 ,16:56,-23.5440644,-46.61316859999999
405,2019-02-06,De 12:58 a 16:56,12:58 ,16:56,-23.5381842,-46.59920040000001
406,2019-02-06,De 20:04 a 20:15,20:04 ,20:15,-23.4851915,-46.3945055
407,2019-02-06,De 16:30 a 17:50,16:30 ,17:50,-23.4892939,-46.4049937
408,2019-02-06,De 18:16 a 07:57,18:16 ,07:57,-23.4924754,-46.40181
409,2019-02-06,De 18:16 a 07:57,18:16 ,07:57,-23.4924754,-46.40181
410,2019-02-06,De 19:54 a 08:02,19:54 ,08:02,-23.4848398,-46.3948724
411,2019-02-06,De 20:00 a 20:46,20:00 ,20:46,-23.4848398,-46.3948724
412,2019-02-06,De 13:06 a 14:40,13:06 ,14:40,-23.532489,-46.535937
413,2019-02-06,De 13:21 a 14:00,13:21 ,14:00,-23.5322419,-46.52894089999999
414,2019-02-06,De 14:24 a 15:09,14:24 ,15:09,-23.5413328,-46.4918126
415,2019-02-06,De 18:21 a 18:48,18:21 ,18:48,-23.581955,-46.4907206
416,2019-02-06,De 13:10 a 18:35,13:10 ,18:35,-23.6908195,-46.6862236
417,2019-02-06,De 14:21 a 16:58,14:21 ,16:58,-23.6077583,-46.6973162
418,2019-02-07,De 01:06 a 06:12,01:06 ,06:12,-23.5129139,-46.6932581
419,2019-02-07,De 19:54 a 08:02,19:54 ,08:02,-23.4848398,-46.3948724
420,2019-02-13,De 08:49 a 13:20,08:49 ,13:20,-23.5725782,-46.7045018
421,2019-02-13,De 07:24 a 09:30,07:24 ,09:30,-23.5380499,-46.5989774
422,2019-02-13,De 08:08 a 09:33,08:08 ,09:33,-23.5351935,-46.581468
423,2019-02-15,De 21:33 a 21:45,21:33 ,21:45,-23.5039206,-46.6846383
424,2019-02-15,De 21:36 a 22:04,21:36 ,22:04,-23.5478432,-46.6388302
425,2019-02-15,De 21:43 a 22:02,21:43 ,22:02,-23.5492156,-46.6407569
426,2019-02-15,De 21:27 a 22:36,21:27 ,22:36,-23.5456891,-46.7343506
427,2019-02-15,De 21:37 a 22:13,21:37 ,22:13,-23.5195747,-46.6741744
428,2019-02-15,De 21:15 a 22:59,21:15 ,22:59,-23.6620924,-46.6859374
429,2019-02-15,De 21:10 a 22:59,21:10 ,22:59,-23.6382072,-46.7408906
430,2019-02-15,De 21:27 a 22:05,21:27 ,22:05,-23.6661012,-46.71352419999999
431,2019-02-15,De 21:53 a 20:58,21:53 ,20:58,-23.6450685,-46.72996089999999
432,2019-02-15,De 21:14 a 22:28,21:14 ,22:28,-23.5575611,-46.7109394
433,2019-02-15,De 21:27 a 22:01,21:27 ,22:01,-23.6335137,-46.7184228
434,2019-02-15,De 21:27 a 22:42,21:27 ,22:42,-23.6259427,-46.688984
435,2019-02-15,De 21:38 a 22:22,21:38 ,22:22,-23.6611975,-46.7063158
436,2019-02-15,De 21:44 a 23:06,21:44 ,23:06,-23.6242558,-46.694804
437,2019-02-15,De 21:45 a 22:27,21:45 ,22:27,-23.5575611,-46.7109394
438,2019-02-15,De 21:51 a 22:05,21:51 ,22:05,-23.6283928,-46.6855726
439,2019-02-15,De 21:42 a 21:59,21:42 ,21:59,-23.6148504,-46.6280459
440,2019-02-15,De 21:29 a 21:48,21:29 ,21:48,-23.6018498,-46.6515005
441,2019-02-16,De 14:49 a 22:23,14:49 ,22:23,-23.5041705,-46.6246697
442,2019-02-16,De 19:32 a 00:42,19:32 ,00:42,-23.5179509,-46.64946399999999
443,2019-02-16,De 19:47 a 20:25,19:47 ,20:25,-23.51708,-46.6250651
444,2019-02-16,De 08:39 a 09:52,08:39 ,09:52,-23.5125928,-46.68441259999999
445,2019-02-16,De 09:07 a 09:10,09:07 ,09:10,-23.5183977,-46.6523964
446,2019-02-16,De 19:08 a 21:33,19:08 ,21:33,-23.5571917,-46.6285664
447,2019-02-16,De 19:37 a 00:00,19:37 ,00:00,-23.5404284,-46.6295011
448,2019-02-16,De 17:19 a 17:50,17:19 ,17:50,-23.5263631,-46.6822994
449,2019-02-16,De 18:04 a 18:31,18:04 ,18:31,-23.5195747,-46.6741744
450,2019-02-16,De 18:20 a 18:31,18:20 ,18:31,-23.5195747,-46.6741744
451,2019-02-16,De 18:24 a 18:34,18:24 ,18:34,-23.5263631,-46.6822994
452,2019-02-16,De 18:34 a 19:16,18:34 ,19:16,-23.5192389,-46.6770941
453,2019-02-16,De 20:00 a 20:24,20:00 ,20:24,-23.5188403,-46.7429316
454,2019-02-16,De 22:27 a 00:00,22:27 ,00:00,-23.5272478,-46.7402334
455,2019-02-16,De 23:07 a 00:22,23:07 ,00:22,-23.5179509,-46.64946399999999
456,2019-02-16,De 08:50 a 09:27,08:50 ,09:27,-23.5881265,-46.6905352
457,2019-02-16,De 17:11 a 17:26,17:11 ,17:26,-23.5641608,-46.6778872
458,2019-02-16,De 18:47 a 23:42,18:47 ,23:42,-23.5550119,-46.5171162
459,2019-02-16,De 19:15 a 23:43,19:15 ,23:43,-23.5480634,-46.5261307
460,2019-02-16,De 23:00 a 23:42,23:00 ,23:42,-23.5414483,-46.5351209
461,2019-02-16,De 19:27 a 20:05,19:27 ,20:05,-23.5372818,-46.4570324
462,2019-02-16,De 19:48 a 20:08,19:48 ,20:08,-23.5358864,-46.4560867
463,2019-02-16,De 19:52 a 19:53,19:52 ,19:53,-23.5572835,-46.51984359999999
464,2019-02-16,De 17:44 a 18:15,17:44 ,18:15,-23.5476707,-46.6023316
465,2019-02-16,De 19:02 a 20:32,19:02 ,20:32,-23.5358791,-46.5525668
466,2019-02-16,De 19:10 a 19:42,19:10 ,19:42,-23.5476707,-46.6023316
467,2019-02-16,De 22:14 a 22:36,22:14 ,22:36,-23.544691,-46.595242
468,2019-02-16,De 18:18 a 22:55,18:18 ,22:55,-23.5254518,-46.5564904
469,2019-02-16,De 17:35 a 20:27,17:35 ,20:27,-23.5867387,-46.5902006
470,2019-02-16,De 17:35 a 20:26,17:35 ,20:26,-23.5830026,-46.5733797
471,2019-02-16,De 18:55 a 20:25,18:55 ,20:25,-23.5835626,-46.5751825
472,2019-02-16,De 17:47 a 02:35,17:47 ,02:35,-23.5685285,-46.6078912
473,2019-02-16,De 18:49 a 20:17,18:49 ,20:17,-23.5834742,-46.654522
474,2019-02-16,De 19:13 a 20:03,19:13 ,20:03,-23.5834742,-46.654522
475,2019-02-16,De 20:00 a 20:07,20:00 ,20:07,-23.6253758,-46.6287942
476,2019-02-16,De 20:54 a 21:30,20:54 ,21:30,-23.6193201,-46.62772890000001
477,2019-02-20,De 19:50 a 20:50,19:50 ,20:50,-23.5553996,-46.6496127
478,2019-02-20,De 20:06 a 22:00,20:06 ,22:00,-23.5179509,-46.64946399999999
479,2019-02-20,De 20:12 a 22:00,20:12 ,22:00,-23.5178045,-46.650485
480,2019-02-20,De 20:18 a 22:00,20:18 ,22:00,-23.52924,-46.598105
481,2019-02-20,De 20:27 a 21:15,20:27 ,21:15,-23.5682305,-46.6076365
482,2019-02-20,De 20:34 a 22:00,20:34 ,22:00,-23.5331585,-46.6565665
483,2019-02-20,De 20:50 a 22:00,20:50 ,22:00,-23.5480634,-46.5261307
484,2019-02-20,De 20:56 a 22:00,20:56 ,22:00,-23.5441466,-46.53109320000001
485,2019-02-20,De 20:56 a 21:15,20:56 ,21:15,-23.5480634,-46.5261307
486,2019-02-20,De 20:56 a 21:15,20:56 ,21:15,-23.5537791,-46.4895707
487,2019-02-20,De 20:38 a 21:15,20:38 ,21:15,-23.5442834,-46.5926346
488,2019-02-20,De 20:38 a 21:15,20:38 ,21:15,-23.5763828,-46.5936727
489,2019-02-20,De 20:15 a 21:15,20:15 ,21:15,-23.583913,-46.5754847
490,2019-02-20,De 20:35 a 22:00,20:35 ,22:00,-23.5769344,-46.5842842
491,2019-02-20,De 20:35 a 21:15,20:35 ,21:15,-23.5820075,-46.5617964
492,2019-02-20,De 20:41 a 22:00,20:41 ,22:00,-23.5861147,-46.5644521
493,2019-02-20,De 20:43 a 21:15,20:43 ,21:15,-23.5843897,-46.5819115
494,2019-02-20,De 20:45 a 21:15,20:45 ,21:15,-23.5849256,-46.5808679
495,2019-02-20,De 20:00 a 20:50,20:00 ,20:50,-23.6159624,-46.6273663
496,2019-02-20,De 20:41 a 22:00,20:41 ,22:00,-23.568072,-46.6091904
497,2019-02-20,De 19:32 a 20:46,19:32 ,20:46,-23.5834742,-46.654522
498,2019-02-20,De 19:32 a 21:15,19:32 ,21:15,-23.6109087,-46.6645219
499,2019-02-20,De 19:35 a 20:50,19:35 ,20:50,-23.601553,-46.6509325
500,2019-02-20,De 20:15 a 22:00,20:15 ,22:00,-23.5856559,-46.670507
501,2019-02-21,De 19:30 a 20:53,19:30 ,20:53,-23.5141007,-46.6554282
502,2019-02-21,De 19:47 a 20:01,19:47 ,20:01,-23.5116255,-46.6098596
503,2019-02-21,De 18:55 a 20:02,18:55 ,20:02,-23.5478432,-46.6388302
504,2019-02-21,De 18:57 a 19:44,18:57 ,19:44,-23.5689122,-46.64086469999999
505,2019-02-21,De 19:16 a 19:42,19:16 ,19:42,-23.5187464,-46.6300234
506,2019-02-21,De 19:34 a 19:53,19:34 ,19:53,-23.5590018,-46.6292699
507,2019-02-21,De 19:35 a 22:36,19:35 ,22:36,-23.5327749,-46.6312988
508,2019-02-21,De 19:37 a 21:03,19:37 ,21:03,-23.541819,-46.629386
509,2019-02-21,De 19:48 a 22:36,19:48 ,22:36,-23.5221195,-46.6348924
510,2019-02-21,De 20:09 a 21:02,20:09 ,21:02,-23.5413011,-46.6284717
511,2019-02-21,De 21:13 a 23:50,21:13 ,23:50,-23.5494504,-46.6306465
512,2019-02-21,De 18:30 a 19:26,18:30 ,19:26,-23.5793251,-46.7102626
513,2019-02-21,De 18:03 a 19:29,18:03 ,19:29,-23.5233965,-46.6129802
514,2019-02-21,De 18:10 a 18:26,18:10 ,18:26,-23.551899,-46.7411506
515,2019-02-21,De 18:36 a 20:05,18:36 ,20:05,-23.5471814,-46.7359685
516,2019-02-21,De 18:37 a 19:06,18:37 ,19:06,-23.524283,-46.7023772
517,2019-02-21,De 18:51 a 19:36,18:51 ,19:36,-23.5083144,-46.7141659
518,2019-02-21,De 18:52 a 21:58,18:52 ,21:58,-23.5281283,-46.7414006
519,2019-02-21,De 18:57 a 19:19,18:57 ,19:19,-23.52655,-46.680817
520,2019-02-21,De 19:00 a 19:20,19:00 ,19:20,-23.5270904,-46.68438949999999
521,2019-02-21,De 19:09 a 19:35,19:09 ,19:35,-23.5409194,-46.741393
522,2019-02-21,De 19:19 a 19:34,19:19 ,19:34,-23.5195747,-46.6741744
523,2019-02-21,De 19:22 a 20:11,19:22 ,20:11,-23.5417533,-46.7302259
524,2019-02-21,De 19:36 a 20:05,19:36 ,20:05,-23.551899,-46.7411506
525,2019-02-21,De 18:50 a 20:15,18:50 ,20:15,-23.5632409,-46.677999
526,2019-02-21,De 18:59 a 19:43,18:59 ,19:43,-23.5686275,-46.6857082
527,2019-02-21,De 19:14 a 20:11,19:14 ,20:11,-23.5575611,-46.7109394
528,2019-02-21,De 19:31 a 20:13,19:31 ,20:13,-23.5733293,-46.6930868
529,2019-02-21,De 20:15 a 20:17,20:15 ,20:17,-23.5870513,-46.6896484
530,2019-02-21,De 20:26 a 22:19,20:26 ,22:19,-23.5886531,-46.68204799999999
531,2019-02-21,De 22:27 a 22:44,22:27 ,22:44,-23.6077583,-46.6973162
532,2019-02-21,De 22:45 a 23:06,22:45 ,23:06,-23.5393612,-46.5432024
533,2019-02-21,De 23:53 a 00:41,23:53 ,00:41,-23.5274019,-46.5550486
534,2019-02-21,De 19:22 a 22:37,19:22 ,22:37,-23.5340958,-46.6247629
535,2019-02-21,De 19:24 a 21:50,19:24 ,21:50,-23.5318204,-46.5919232
536,2019-02-21,De 19:30 a 20:05,19:30 ,20:05,-23.5364911,-46.5882485
537,2019-02-21,De 19:30 a 22:28,19:30 ,22:28,-23.5380499,-46.5989774
538,2019-02-21,De 20:40 a 22:34,20:40 ,22:34,-23.5178045,-46.650485
539,2019-02-21,De 19:47 a 20:09,19:47 ,20:09,-23.6669625,-46.7727005
540,2019-02-21,De 18:52 a 20:27,18:52 ,20:27,-23.7738608,-46.7209628
541,2019-02-21,De 04:27 a 04:28,04:27 ,04:28,-23.6631171,-46.7076066
542,2019-02-21,De 19:01 a 19:22,19:01 ,19:22,-23.6814862,-46.69453490000001
543,2019-02-21,De 19:18 a 20:07,19:18 ,20:07,-23.6629669,-46.70768400000001
544,2019-02-21,De 18:42 a 19:03,18:42 ,19:03,-23.5826097,-46.6524367
545,2019-02-21,De 19:17 a 19:24,19:17 ,19:24,-23.5826097,-46.6524367
546,2019-02-22,De 00:10 a 01:09,00:10 ,01:09,-23.5189771,-46.74919329999999
547,2019-02-22,De 17:45 a 18:00,17:45 ,18:00,-23.5077495,-46.7471724
548,2019-02-22,De 17:56 a 20:47,17:56 ,20:47,-23.5083144,-46.7141659
549,2019-02-22,De 18:09 a 22:46,18:09 ,22:46,-23.5194146,-46.7483394
550,2019-02-22,De 13:03 a 13:16,13:03 ,13:16,-23.5914102,-46.6897221
551,2019-02-22,De 13:06 a 16:00,13:06 ,16:00,-23.5721786,-46.7009942
552,2019-02-22,De 17:57 a 22:22,17:57 ,22:22,-23.5575611,-46.7109394
553,2019-02-22,De 17:59 a 18:54,17:59 ,18:54,-23.5575611,-46.7109394
554,2019-02-22,De 18:11 a 23:59,18:11 ,23:59,-23.5888768,-46.68132139999999
555,2019-02-22,De 17:44 a 21:53,17:44 ,21:53,-23.552072,-46.5769369
556,2019-02-22,De 15:39 a 19:01,15:39 ,19:01,-23.5254518,-46.5564904
557,2019-02-24,De 18:15 a 20:00,18:15 ,20:00,-23.5367526,-46.6422779
558,2019-02-25,De 19:46 a 20:21,19:46 ,20:21,-23.511353,-46.6102873
559,2019-02-25,De 19:47 a 21:09,19:47 ,21:09,-23.4726383,-46.5714392
560,2019-02-25,De 20:33 a 21:48,20:33 ,21:48,-23.5178045,-46.650485
561,2019-02-25,De 21:30 a 21:48,21:30 ,21:48,-23.5230976,-46.5582997
562,2019-02-26,De 13:50 a 14:23,13:50 ,14:23,-23.5010365,-46.6869794
563,2019-02-26,De 14:02 a 14:15,14:02 ,14:15,-23.5153199,-46.64422709999999
564,2019-02-26,De 15:02 a 15:44,15:02 ,15:44,-23.4065988,-46.7505867
565,2019-02-26,De 08:09 a 11:43,08:09 ,11:43,-23.5152611,-46.6252497
566,2019-02-26,De 01:44 a 03:44,01:44 ,03:44,-23.5370378,-46.6498892
567,2019-02-26,De 02:49 a 03:02,02:49 ,03:02,-23.550503,-46.646139
568,2019-02-26,De 07:14 a 16:57,07:14 ,16:57,-23.5364131,-46.64242609999999
569,2019-02-26,De 07:51 a 17:05,07:51 ,17:05,-23.5427039,-46.6268799
570,2019-02-26,De 08:29 a 17:02,08:29 ,17:02,-23.5483872,-46.6432919
571,2019-02-26,De 15:00 a 17:50,15:00 ,17:50,-23.5228991,-46.63029849999999
572,2019-02-26,De 15:04 a 17:11,15:04 ,17:11,-23.5230234,-46.6302513
573,2019-02-26,De 02:50 a 02:51,02:50 ,02:51,-23.59924,-46.697105
574,2019-02-26,De 03:06 a 03:35,03:06 ,03:35,-23.6053438,-46.6990833
575,2019-02-26,De 07:51 a 08:39,07:51 ,08:39,-23.5981316,-46.6971496
576,2019-02-26,De 02:38 a 03:00,02:38 ,03:00,-23.5195747,-46.6741744
577,2019-02-26,De 04:20 a 10:24,04:20 ,10:24,-23.5189771,-46.74919329999999
578,2019-02-26,De 07:42 a 09:30,07:42 ,09:30,-23.5203855,-46.7469107
579,2019-02-26,De 08:06 a 16:52,08:06 ,16:52,-23.5077495,-46.7471724
580,2019-02-26,De 02:53 a 10:59,02:53 ,10:59,-23.5575611,-46.7109394
581,2019-02-26,De 02:59 a 04:19,02:59 ,04:19,-23.6077583,-46.6973162
582,2019-02-26,De 03:18 a 04:34,03:18 ,04:34,-23.5832055,-46.68635769999999
583,2019-02-26,De 03:27 a 03:30,03:27 ,03:30,-23.5881265,-46.6905352
584,2019-02-26,De 06:20 a 10:02,06:20 ,10:02,-23.5898417,-46.6930118
585,2019-02-26,De 06:31 a 10:05,06:31 ,10:05,-23.5904283,-46.6912605
586,2019-02-26,De 07:15 a 10:04,07:15 ,10:04,-23.6077583,-46.6973162
587,2019-02-26,De 08:24 a 08:28,08:24 ,08:28,-23.5978165,-46.6738666
588,2019-02-26,De 05:13 a 08:00,05:13 ,08:00,-23.5414483,-46.5351209
589,2019-02-26,De 05:13 a 08:00,05:13 ,08:00,-23.5414483,-46.5351209
590,2019-02-26,De 05:17 a 15:43,05:17 ,15:43,-23.5480634,-46.5261307
591,2019-02-26,De 05:56 a 06:02,05:56 ,06:02,-23.538154,-46.450408
592,2019-02-26,De 06:26 a 06:34,06:26 ,06:34,-23.5431983,-46.587157
593,2019-02-26,De 08:39 a 09:00,08:39 ,09:00,-23.5431983,-46.587157
594,2019-02-26,De 05:09 a 07:26,05:09 ,07:26,-23.5254518,-46.5564904
595,2019-02-26,De 09:20 a 09:24,09:20 ,09:24,-23.5230976,-46.5582997
596,2019-02-26,De 06:26 a 10:03,06:26 ,10:03,-23.5974359,-46.6972704
597,2019-02-26,De 06:23 a 06:32,06:23 ,06:32,-23.6396223,-46.74498740000001
598,2019-02-26,De 06:19 a 07:08,06:19 ,07:08,-23.6618529,-46.7063713
599,2019-02-26,De 03:35 a 03:55,03:35 ,03:55,-23.5807086,-46.7438758
600,2019-02-26,De 07:44 a 08:17,07:44 ,08:17,-23.5685285,-46.6078912
601,2019-02-26,De 10:07 a 10:18,10:07 ,10:18,-23.6960174,-46.6501787
602,2019-02-26,De 02:37 a 03:17,02:37 ,03:17,-23.5834742,-46.654522
603,2019-02-26,De 04:49 a 04:49,04:49 ,04:49,-23.5834742,-46.654522
604,2019-02-26,De 04:53 a 04:59,04:53 ,04:59,-23.5834742,-46.654522
605,2019-02-27,De 20:30 a 21:01,20:30 ,21:01,-23.5039206,-46.6846383
606,2019-02-28,De 12:03 a 15:37,12:03 ,15:37,-23.5189326,-46.6547652
607,2019-02-28,De 12:18 a 15:37,12:18 ,15:37,-23.5189326,-46.6547652
608,2019-02-28,De 02:10 a 02:18,02:10 ,02:18,-23.5370378,-46.6498892
609,2019-02-28,De 09:36 a 12:08,09:36 ,12:08,-23.5881265,-46.6905352
610,2019-02-28,De 11:49 a 12:03,11:49 ,12:03,-23.572807,-46.70226780000001
611,2019-02-28,De 11:56 a 14:13,11:56 ,14:13,-23.5898417,-46.6930118
612,2019-02-28,De 09:38 a 14:54,09:38 ,14:54,-23.5974359,-46.6972704
613,2019-02-28,De 11:43 a 14:13,11:43 ,14:13,-23.6361875,-46.7224973
614,2019-03-02,De 19:16 a 22:58,19:16 ,22:58,-23.5179509,-46.64946399999999
615,2019-03-02,De 23:06 a 02:11,23:06 ,02:11,-23.5134915,-46.6677481
616,2019-03-02,De 18:52 a 22:51,18:52 ,22:51,-23.5178045,-46.650485
617,2019-03-02,De 18:57 a 22:53,18:57 ,22:53,-23.5187464,-46.6300234
618,2019-03-02,De 19:13 a 19:23,19:13 ,19:23,-23.5367526,-46.6422779
619,2019-03-02,De 19:23 a 00:09,19:23 ,00:09,-23.5493015,-46.6393521
620,2019-03-02,De 19:29 a 20:42,19:29 ,20:42,-23.5450933,-46.6367485
621,2019-03-02,De 19:43 a 19:55,19:43 ,19:55,-23.5504292,-46.6381386
622,2019-03-02,De 19:57 a 20:36,19:57 ,20:36,-23.5178045,-46.650485
623,2019-03-02,De 20:01 a 21:09,20:01 ,21:09,-23.5187464,-46.6300234
624,2019-03-02,De 20:28 a 20:43,20:28 ,20:43,-23.5375715,-46.64175119999999
625,2019-03-02,De 19:45 a 01:58,19:45 ,01:58,-23.5727389,-46.7013307
626,2019-03-02,De 19:51 a 23:15,19:51 ,23:15,-23.5793251,-46.7102626
627,2019-03-02,De 19:55 a 23:16,19:55 ,23:16,-23.5866212,-46.7242657
628,2019-03-02,De 19:59 a 23:17,19:59 ,23:17,-23.589723,-46.73523840000001
629,2019-03-02,De 20:10 a 02:01,20:10 ,02:01,-23.5578715,-46.7144106
630,2019-03-02,De 20:10 a 01:57,20:10 ,01:57,-23.6127701,-46.6988729
631,2019-03-02,De 20:22 a 01:55,20:22 ,01:55,-23.5866554,-46.6914666
632,2019-03-02,De 18:44 a 21:48,18:44 ,21:48,-23.5249657,-46.6936013
633,2019-03-02,De 18:52 a 19:49,18:52 ,19:49,-23.524283,-46.7023772
634,2019-03-02,De 19:04 a 21:47,19:04 ,21:47,-23.522339,-46.696246
635,2019-03-02,De 19:09 a 22:03,19:09 ,22:03,-23.5187295,-46.67408570000001
636,2019-03-02,De 19:14 a 02:20,19:14 ,02:20,-23.5510944,-46.7218187
637,2019-03-02,De 19:17 a 19:52,19:17 ,19:52,-23.52655,-46.680817
638,2019-03-02,De 19:20 a 19:53,19:20 ,19:53,-23.5281579,-46.6821344
639,2019-03-02,De 19:50 a 01:57,19:50 ,01:57,-23.5188403,-46.7429316
640,2019-03-02,De 19:54 a 21:51,19:54 ,21:51,-23.5209139,-46.7012625
641,2019-03-02,De 19:55 a 21:51,19:55 ,21:51,-23.5205151,-46.701867
642,2019-03-02,De 20:08 a 21:11,20:08 ,21:11,-23.5178045,-46.650485
643,2019-03-02,De 19:24 a 02:02,19:24 ,02:02,-23.5575611,-46.7109394
644,2019-03-02,De 19:30 a 20:52,19:30 ,20:52,-23.5575611,-46.7109394
645,2019-03-02,De 19:30 a 20:52,19:30 ,20:52,-23.5575611,-46.7109394
646,2019-03-02,De 19:52 a 01:40,19:52 ,01:40,-23.5575611,-46.7109394
647,2019-03-02,De 19:52 a 01:40,19:52 ,01:40,-23.5575611,-46.7109394
648,2019-03-02,De 20:19 a 01:56,20:19 ,01:56,-23.568299,-46.70218140000001
649,2019-03-02,De 20:32 a 01:40,20:32 ,01:40,-23.567176,-46.6931321
650,2019-03-02,De 21:20 a 03:04,21:20 ,03:04,-23.5476484,-46.5790292
651,2019-03-02,De 19:02 a 21:27,19:02 ,21:27,-23.6048086,-46.510243
652,2019-03-02,De 20:13 a 21:11,20:13 ,21:11,-23.6181633,-46.7009973
653,2019-03-02,De 20:18 a 21:12,20:18 ,21:12,-23.6181633,-46.7009973
654,2019-03-02,De 20:30 a 02:57,20:30 ,02:57,-23.553904,-46.7189479
655,2019-03-02,De 20:32 a 01:54,20:32 ,01:54,-23.6650099,-46.7103192
656,2019-03-02,De 20:35 a 01:54,20:35 ,01:54,-23.6650099,-46.7103192
657,2019-03-02,De 21:08 a 19:50,21:08 ,19:50,-23.6264229,-46.6874891
658,2019-03-02,De 19:01 a 19:27,19:01 ,19:27,-23.5834742,-46.654522
659,2019-03-02,De 19:05 a 19:47,19:05 ,19:47,-23.5826097,-46.6524367
660,2019-03-03,De 17:09 a 17:18,17:09 ,17:18,-23.4779581,-46.56112539999999
661,2019-03-03,De 16:23 a 16:38,16:23 ,16:38,-23.5687612,-46.5053001
662,2019-03-03,De 15:32 a 17:43,15:32 ,17:43,-23.5469773,-46.6037748
663,2019-03-03,De 15:44 a 18:15,15:44 ,18:15,-23.5178045,-46.650485
664,2019-03-03,De 16:02 a 16:52,16:02 ,16:52,-23.5264829,-46.5282733
665,2019-03-03,De 16:45 a 16:22,16:45 ,16:22,-23.514713,-46.5198876
666,2019-03-03,De 14:46 a 15:37,14:46 ,15:37,-23.6077583,-46.6973162
667,2019-03-03,De 15:19 a 16:41,15:19 ,16:41,-23.618388,-46.626645
668,2019-03-03,De 15:37 a 16:00,15:37 ,16:00,-23.6190603,-46.6280469
669,2019-03-04,De 18:23 a 19:46,18:23 ,19:46,-23.70346,-46.686053
670,2019-03-04,De 17:19 a 19:22,17:19 ,19:22,-23.6077583,-46.6973162
671,2019-03-05,De 18:32 a 18:54,18:32 ,18:54,-23.5282312,-46.5850775
672,2019-03-05,De 18:12 a 21:09,18:12 ,21:09,-23.5479484,-46.6308635
673,2019-03-05,De 18:20 a 21:16,18:20 ,21:16,-23.5403107,-46.627591
674,2019-03-05,De 18:24 a 21:16,18:24 ,21:16,-23.5399147,-46.63072529999999
675,2019-03-05,De 18:24 a 21:17,18:24 ,21:17,-23.5404284,-46.6295011
676,2019-03-05,De 18:37 a 20:33,18:37 ,20:33,-23.5586635,-46.6293628
677,2019-03-05,De 18:48 a 19:02,18:48 ,19:02,-23.6019988,-46.7185669
678,2019-03-05,De 18:05 a 18:24,18:05 ,18:24,-23.5575611,-46.7109394
679,2019-03-05,De 18:08 a 20:26,18:08 ,20:26,-23.543408,-46.5842897
680,2019-03-05,De 18:15 a 18:53,18:15 ,18:53,-23.5318204,-46.5919232
681,2019-03-05,De 18:18 a 20:28,18:18 ,20:28,-23.5368572,-46.5891558
682,2019-03-05,De 19:34 a 19:29,19:34 ,19:29,-23.6618529,-46.7063713
683,2019-03-06,De 07:48 a 11:23,07:48 ,11:23,-23.5725782,-46.7045018
684,2019-03-06,De 23:33 a 00:19,23:33 ,00:19,-23.5253389,-46.5625138
685,2019-03-06,De 16:19 a 19:30,16:19 ,19:30,-23.6970651,-46.6722001
686,2019-03-06,De 16:21 a 20:38,16:21 ,20:38,-23.6947847,-46.6557431
687,2019-03-06,De 16:37 a 17:14,16:37 ,17:14,-23.6964778,-46.6751477
688,2019-03-06,De 16:53 a 19:51,16:53 ,19:51,-23.679293,-46.6847117
689,2019-03-06,De 17:22 a 19:54,17:22 ,19:54,-23.6908195,-46.6862236
690,2019-03-06,De 17:05 a 18:30,17:05 ,18:30,-23.6404846,-46.7403745
691,2019-03-06,De 17:33 a 17:45,17:33 ,17:45,-23.6161689,-46.7546078
692,2019-03-06,De 16:36 a 17:26,16:36 ,17:26,-23.6650434,-46.7215608
693,2019-03-06,De 16:40 a 17:59,16:40 ,17:59,-23.6650099,-46.7103192
694,2019-03-06,De 17:43 a 18:59,17:43 ,18:59,-23.7537168,-46.6873751
695,2019-03-06,De 17:50 a 18:15,17:50 ,18:15,-23.7733113,-46.718691
696,2019-03-06,De 18:14 a 19:32,18:14 ,19:32,-23.7069271,-46.7130301
697,2019-03-06,De 16:35 a 17:49,16:35 ,17:49,-23.6731265,-46.7422547
698,2019-03-06,De 16:35 a 17:48,16:35 ,17:48,-23.6739593,-46.7460978
699,2019-03-06,De 16:36 a 18:13,16:36 ,18:13,-23.6618529,-46.7063713
700,2019-03-06,De 17:08 a 17:59,17:08 ,17:59,-23.6852309,-46.7699317
701,2019-03-06,De 16:22 a 19:31,16:22 ,19:31,-23.631633,-46.671087
702,2019-03-06,De 16:33 a 19:55,16:33 ,19:55,-23.6242558,-46.694804
703,2019-03-06,De 16:38 a 18:35,16:38 ,18:35,-23.5575611,-46.7109394
704,2019-03-06,De 17:33 a 18:59,17:33 ,18:59,-23.6918771,-46.674338
705,2019-03-07,De 15:35 a 17:18,15:35 ,17:18,-23.5116255,-46.6098596
706,2019-03-07,De 15:27 a 15:46,15:27 ,15:46,-23.515543,-46.649546
707,2019-03-07,De 15:45 a 16:11,15:45 ,16:11,-23.5155591,-46.6479239
708,2019-03-07,De 16:48 a 19:21,16:48 ,19:21,-23.5382858,-46.6412357
709,2019-03-07,De 17:34 a 17:58,17:34 ,17:58,-23.5427039,-46.6268799
710,2019-03-07,De 17:38 a 19:23,17:38 ,19:23,-23.5404284,-46.6295011
711,2019-03-07,De 17:42 a 19:41,17:42 ,19:41,-23.5420534,-46.64260789999999
712,2019-03-07,De 17:58 a 19:21,17:58 ,19:21,-23.5378532,-46.6415005
713,2019-03-07,De 18:02 a 19:22,18:02 ,19:22,-23.5384049,-46.6407529
714,2019-03-07,De 15:17 a 16:34,15:17 ,16:34,-23.5178045,-46.650485
715,2019-03-07,De 15:29 a 15:47,15:29 ,15:47,-23.5884788,-46.5447304
716,2019-03-07,De 15:29 a 15:51,15:29 ,15:51,-23.5575611,-46.7109394
717,2019-03-09,De 17:59 a 18:56,17:59 ,18:56,-23.4955135,-46.6789625
718,2019-03-09,De 17:13 a 19:23,17:13 ,19:23,-23.5187464,-46.6300234
719,2019-03-09,De 17:59 a 18:34,17:59 ,18:34,-23.5450933,-46.6367485
720,2019-03-09,De 18:48 a 20:30,18:48 ,20:30,-23.5793251,-46.7102626
721,2019-03-09,De 19:37 a 01:05,19:37 ,01:05,-23.5322829,-46.6581659
722,2019-03-09,De 19:54 a 01:06,19:54 ,01:06,-23.5367526,-46.6422779
723,2019-03-09,De 23:41 a 23:44,23:41 ,23:44,-23.5427039,-46.6268799
724,2019-03-09,De 18:29 a 22:29,18:29 ,22:29,-23.6127701,-46.6988729
725,2019-03-09,De 18:33 a 01:42,18:33 ,01:42,-23.6108492,-46.700382
726,2019-03-09,De 19:58 a 20:30,19:58 ,20:30,-23.5864568,-46.7239982
727,2019-03-09,De 20:13 a 20:30,20:13 ,20:30,-23.5766818,-46.7076473
728,2019-03-09,De 20:52 a 01:42,20:52 ,01:42,-23.5727389,-46.7013307
729,2019-03-09,De 17:49 a 19:53,17:49 ,19:53,-23.5187295,-46.67408570000001
730,2019-03-09,De 18:05 a 20:35,18:05 ,20:35,-23.5832055,-46.68635769999999
731,2019-03-09,De 18:18 a 19:58,18:18 ,19:58,-23.553904,-46.7189479
732,2019-03-09,De 18:29 a 22:15,18:29 ,22:15,-23.6170923,-46.69921009999999
733,2019-03-09,De 18:44 a 20:16,18:44 ,20:16,-23.5953342,-46.68926769999999
734,2019-03-09,De 20:19 a 22:22,20:19 ,22:22,-23.5575611,-46.7109394
735,2019-03-09,De 21:29 a 07:15,21:29 ,07:15,-23.5877258,-46.6934116
736,2019-03-09,De 21:54 a 02:27,21:54 ,02:27,-23.5893797,-46.6812881
737,2019-03-09,De 18:00 a 18:36,18:00 ,18:36,-23.5400925,-46.61158589999999
738,2019-03-09,De 18:33 a 19:16,18:33 ,19:16,-23.5847779,-46.6695582
739,2019-03-09,De 18:46 a 20:34,18:46 ,20:34,-23.5856559,-46.670507
740,2019-03-10,De 23:46 a 11:28,23:46 ,11:28,-23.5179509,-46.64946399999999
741,2019-03-10,De 23:51 a 12:12,23:51 ,12:12,-23.5179509,-46.64946399999999
742,2019-03-10,De 21:53 a 00:19,21:53 ,00:19,-23.5478432,-46.6388302
743,2019-03-10,De 21:58 a 01:34,21:58 ,01:34,-23.5562328,-46.6284457
744,2019-03-10,De 22:45 a 01:30,22:45 ,01:30,-23.5630648,-46.61081220000001
745,2019-03-10,De 23:23 a 17:52,23:23 ,17:52,-23.5589774,-46.6246656
746,2019-03-10,De 23:36 a 06:17,23:36 ,06:17,-23.5187464,-46.6300234
747,2019-03-10,De 22:29 a 08:40,22:29 ,08:40,-23.5178045,-46.650485
748,2019-03-10,De 22:23 a 22:23,22:23 ,22:23,-23.5826308,-46.6852498
749,2019-03-10,De 22:33 a 23:16,22:33 ,23:16,-23.5441466,-46.53109320000001
750,2019-03-10,De 22:42 a 01:30,22:42 ,01:30,-23.5550119,-46.5171162
751,2019-03-10,De 22:36 a 23:15,22:36 ,23:15,-23.558842,-46.51329399999999
752,2019-03-10,De 22:42 a 01:13,22:42 ,01:13,-23.5372818,-46.4570324
753,2019-03-10,De 22:47 a 01:16,22:47 ,01:16,-23.5572835,-46.51984359999999
754,2019-03-10,De 21:30 a 12:33,21:30 ,12:33,-23.5830026,-46.5733797
755,2019-03-10,De 21:42 a 12:33,21:42 ,12:33,-23.5902154,-46.5438071
756,2019-03-10,De 21:44 a 23:16,21:44 ,23:16,-23.5838733,-46.585016
757,2019-03-10,De 23:18 a 00:20,23:18 ,00:20,-23.555127,-46.6412327
758,2019-03-10,De 22:43 a 01:10,22:43 ,01:10,-23.6259427,-46.688984
759,2019-03-10,De 23:18 a 00:20,23:18 ,00:20,-23.6242558,-46.694804
760,2019-03-10,De 23:22 a 00:54,23:22 ,00:54,-23.6222227,-46.69609879999999
761,2019-03-10,De 23:32 a 00:20,23:32 ,00:20,-23.6264229,-46.6874891
762,2019-03-10,De 21:10 a 06:10,21:10 ,06:10,-23.6159624,-46.6273663
763,2019-03-10,De 21:40 a 06:10,21:40 ,06:10,-23.6224124,-46.6282342
764,2019-03-10,De 21:38 a 06:10,21:38 ,06:10,-23.6198203,-46.627044
765,2019-03-10,De 21:40 a 00:50,21:40 ,00:50,-23.6190603,-46.6280469
766,2019-03-10,De 21:44 a 00:51,21:44 ,00:51,-23.6193201,-46.62772890000001
767,2019-03-11,De 02:52 a 07:32,02:52 ,07:32,-23.5153037,-46.6667883
768,2019-03-11,De 03:49 a 06:30,03:49 ,06:30,-23.5124643,-46.67506160000001
769,2019-03-11,De 03:49 a 03:54,03:49 ,03:54,-23.5091074,-46.6896838
770,2019-03-11,De 04:49 a 08:48,04:49 ,08:48,-23.5189326,-46.6547652
771,2019-03-11,De 05:11 a 12:03,05:11 ,12:03,-23.5276862,-46.5970157
772,2019-03-11,De 08:10 a 13:11,08:10 ,13:11,-23.5060591,-46.71635000000001
773,2019-03-11,De 08:22 a 09:40,08:22 ,09:40,-23.5068088,-46.7127037
774,2019-03-11,De 04:15 a 10:57,04:15 ,10:57,-23.5115762,-46.6249014
775,2019-03-11,De 05:40 a 10:31,05:40 ,10:31,-23.5157253,-46.6404566
776,2019-03-11,De 08:47 a 09:51,08:47 ,09:51,-23.5157781,-46.650173
777,2019-03-11,De 08:48 a 09:50,08:48 ,09:50,-23.5151388,-46.6412765
778,2019-03-11,De 01:33 a 11:24,01:33 ,11:24,-23.5631722,-46.6122119
779,2019-03-11,De 04:00 a 09:49,04:00 ,09:49,-23.5202114,-46.62777699999999
780,2019-03-11,De 04:45 a 08:44,04:45 ,08:44,-23.5303702,-46.6264675
781,2019-03-11,De 05:27 a 11:05,05:27 ,11:05,-23.5195548,-46.6298885
782,2019-03-11,De 06:18 a 12:49,06:18 ,12:49,-23.5554103,-46.6190897
783,2019-03-11,De 06:37 a 07:35,06:37 ,07:35,-23.522338,-46.6494644
784,2019-03-11,De 07:05 a 10:16,07:05 ,10:16,-23.5224357,-46.6492681
785,2019-03-11,De 07:39 a 09:57,07:39 ,09:57,-23.5229582,-46.6505277
786,2019-03-11,De 07:43 a 08:16,07:43 ,08:16,-23.5235379,-46.6486524
787,2019-03-11,De 07:54 a 09:49,07:54 ,09:49,-23.5179509,-46.64946399999999
788,2019-03-11,De 07:54 a 09:49,07:54 ,09:49,-23.5179509,-46.64946399999999
789,2019-03-11,De 08:26 a 11:58,08:26 ,11:58,-23.5230904,-46.6554938
790,2019-03-11,De 08:30 a 11:58,08:30 ,11:58,-23.5196793,-46.656146
791,2019-03-11,De 08:38 a 10:52,08:38 ,10:52,-23.5207413,-46.6542729
792,2019-03-11,De 08:42 a 11:26,08:42 ,11:26,-23.5548443,-46.6240929
793,2019-03-11,De 08:46 a 11:56,08:46 ,11:56,-23.522032,-46.655503
794,2019-03-11,De 09:15 a 09:29,09:15 ,09:29,-23.5590648,-46.624708
795,2019-03-11,De 07:47 a 11:19,07:47 ,11:19,-23.5778301,-46.7016797
796,2019-03-11,De 02:39 a 10:19,02:39 ,10:19,-23.512302,-46.7267119
797,2019-03-11,De 02:45 a 07:32,02:45 ,07:32,-23.5083144,-46.7141659
798,2019-03-11,De 02:48 a 10:23,02:48 ,10:23,-23.512959,-46.68271679999999
799,2019-03-11,De 03:02 a 07:59,03:02 ,07:59,-23.5456891,-46.7343506
800,2019-03-11,De 03:23 a 07:59,03:23 ,07:59,-23.5344059,-46.7500829
801,2019-03-11,De 03:57 a 07:39,03:57 ,07:39,-23.513204,-46.68411589999999
802,2019-03-11,De 04:11 a 06:25,04:11 ,06:25,-23.5091074,-46.6896838
803,2019-03-11,De 05:13 a 12:00,05:13 ,12:00,-23.5216144,-46.66750039999999
804,2019-03-11,De 06:50 a 09:09,06:50 ,09:09,-23.5221478,-46.663137
805,2019-03-11,De 06:54 a 10:47,06:54 ,10:47,-23.5215432,-46.6669695
806,2019-03-11,De 08:30 a 08:54,08:30 ,08:54,-23.5310469,-46.7447481
807,2019-03-11,De 08:35 a 09:53,08:35 ,09:53,-23.5272478,-46.7402334
808,2019-03-11,De 08:58 a 09:09,08:58 ,09:09,-23.5221478,-46.663137
809,2019-03-11,De 10:01 a 10:22,10:01 ,10:22,-23.5165363,-46.6539715
810,2019-03-11,De 13:26 a 17:10,13:26 ,17:10,-23.5254268,-46.7411592
811,2019-03-11,De 01:57 a 08:04,01:57 ,08:04,-23.6065062,-46.6969314
812,2019-03-11,De 04:54 a 08:58,04:54 ,08:58,-23.5956701,-46.6907813
813,2019-03-11,De 04:56 a 08:09,04:56 ,08:09,-23.6077583,-46.6973162
814,2019-03-11,De 08:14 a 10:52,08:14 ,10:52,-23.5207575,-46.6549674
815,2019-03-11,De 08:30 a 14:09,08:30 ,14:09,-23.5370378,-46.6498892
816,2019-03-11,De 01:08 a 01:30,01:08 ,01:30,-23.5441466,-46.53109320000001
817,2019-03-11,De 14:24 a 16:43,14:24 ,16:43,-23.5410599,-46.45603330000001
818,2019-03-11,De 06:12 a 09:56,06:12 ,09:56,-23.5252331,-46.6141722
819,2019-03-11,De 01:41 a 08:13,01:41 ,08:13,-23.584403,-46.5864655
820,2019-03-11,De 06:24 a 09:57,06:24 ,09:57,-23.5830026,-46.5733797
821,2019-03-11,De 06:48 a 11:23,06:48 ,11:23,-23.5853633,-46.5876672
822,2019-03-11,De 07:20 a 13:44,07:20 ,13:44,-23.5815101,-46.5951814
823,2019-03-11,De 08:15 a 11:46,08:15 ,11:46,-23.6017428,-46.573405
824,2019-03-11,De 08:47 a 12:08,08:47 ,12:08,-23.5919448,-46.5886573
825,2019-03-11,De 15:46 a 17:41,15:46 ,17:41,-23.600377,-46.576894
826,2019-03-11,De 00:19 a 01:04,00:19 ,01:04,-23.555127,-46.6412327
827,2019-03-11,De 07:09 a 08:37,07:09 ,08:37,-23.5826871,-46.5998274
828,2019-03-12,De 18:00 a 18:50,18:00 ,18:50,-23.4953168,-46.6613718
829,2019-03-12,De 18:35 a 18:42,18:35 ,18:42,-23.5093563,-46.66569519999999
830,2019-03-12,De 17:50 a 18:50,17:50 ,18:50,-23.4726383,-46.5714392
831,2019-03-12,De 19:47 a 19:55,19:47 ,19:55,-23.4785124,-46.6213303
832,2019-03-12,De 19:09 a 19:28,19:09 ,19:28,-23.6015447,-46.698533
833,2019-03-12,De 19:45 a 18:57,19:45 ,18:57,-23.6012749,-46.6980412
834,2019-03-12,De 19:45 a 19:18,19:45 ,19:18,-23.6053438,-46.6990833
835,2019-03-12,De 18:11 a 18:41,18:11 ,18:41,-23.5125928,-46.68441259999999
836,2019-03-12,De 18:33 a 18:44,18:33 ,18:44,-23.5182063,-46.668077
837,2019-03-12,De 17:57 a 18:59,17:57 ,18:59,-23.5420685,-46.4111576
838,2019-03-14,De 18:52 a 19:28,18:52 ,19:28,-23.6120494,-46.6776531
839,2019-03-14,De 18:55 a 19:04,18:55 ,19:04,-23.6537565,-46.720741
840,2019-03-14,De 18:55 a 19:14,18:55 ,19:14,-23.6650099,-46.7103192
841,2019-03-14,De 19:11 a 19:32,19:11 ,19:32,-23.6258992,-46.6254361
842,2019-03-17,De 14:37 a 14:41,14:37 ,14:41,-23.53704,-46.649866
843,2019-03-17,De 14:43 a 18:24,14:43 ,18:24,-23.5134915,-46.6677481
844,2019-03-17,De 14:53 a 15:10,14:53 ,15:10,-23.5557056,-46.7506488
845,2019-03-17,De 15:47 a 16:55,15:47 ,16:55,-23.5323161,-46.672379
846,2019-03-17,De 16:10 a 20:27,16:10 ,20:27,-23.5378537,-46.4560667
847,2019-03-17,De 15:53 a 16:07,15:53 ,16:07,-23.6615042,-46.6793997
848,2019-03-17,De 15:42 a 17:00,15:42 ,17:00,-23.6382072,-46.7408906
849,2019-03-17,De 16:03 a 16:41,16:03 ,16:41,-23.6650434,-46.7215608
850,2019-03-17,De 16:25 a 16:34,16:25 ,16:34,-23.6462217,-46.7291277
851,2019-03-17,De 17:06 a 19:13,17:06 ,19:13,-23.79262,-46.7281488
852,2019-03-17,De 15:49 a 16:45,15:49 ,16:45,-23.6619281,-46.7065908
853,2019-03-17,De 16:10 a 17:28,16:10 ,17:28,-23.6522565,-46.7228707
854,2019-03-19,De 19:30 a 19:47,19:30 ,19:47,-23.4305918,-46.720993
855,2019-03-19,De 17:50 a 19:04,17:50 ,19:04,-23.5636059,-46.6460558
856,2019-03-19,De 18:07 a 18:56,18:07 ,18:56,-23.5629636,-46.6400328
857,2019-03-19,De 18:23 a 19:07,18:23 ,19:07,-23.5679585,-46.6465188
858,2019-03-19,De 17:40 a 18:19,17:40 ,18:19,-23.5152999,-46.6585136
859,2019-03-19,De 17:37 a 18:20,17:37 ,18:20,-23.5914102,-46.6897221
860,2019-03-19,De 17:45 a 18:19,17:45 ,18:19,-23.6077583,-46.6973162
861,2019-03-19,De 18:41 a 19:45,18:41 ,19:45,-23.5366178,-46.5889416
862,2019-03-20,De 07:44 a 07:59,07:44 ,07:59,-23.5370378,-46.6498892
863,2019-03-20,De 10:07 a 11:34,10:07 ,11:34,-23.5301978,-46.5984999
864,2019-03-20,De 07:02 a 07:25,07:02 ,07:25,-23.6953492,-46.67719779999999
865,2019-03-21,De 04:58 a 08:36,04:58 ,08:36,-23.6077583,-46.6973162
866,2019-03-21,De 04:59 a 08:36,04:59 ,08:36,-23.5881265,-46.6905352
867,2019-03-21,De 05:27 a 08:37,05:27 ,08:37,-23.5904283,-46.6912605
868,2019-03-21,De 05:30 a 08:37,05:30 ,08:37,-23.5974359,-46.6972704
869,2019-03-28,De 08:44 a 08:47,08:44 ,08:47,-23.5356089,-46.65094999999999
870,2019-04-06,De 14:39 a 16:09,14:39 ,16:09,-23.5412119,-46.6387939
871,2019-04-06,De 14:45 a 16:08,14:45 ,16:08,-23.5367526,-46.6422779
872,2019-04-06,De 15:08 a 16:00,15:08 ,16:00,-23.5240678,-46.70194559999999
873,2019-04-06,De 15:11 a 16:15,15:11 ,16:15,-23.5205151,-46.701867
874,2019-04-06,De 15:16 a 15:55,15:16 ,15:55,-23.52655,-46.680817
875,2019-04-06,De 15:18 a 15:56,15:18 ,15:56,-23.5195747,-46.6741744
876,2019-04-06,De 15:30 a 15:45,15:30 ,15:45,-23.6081031,-46.69668679999999
877,2019-04-06,De 16:11 a 17:51,16:11 ,17:51,-23.5578715,-46.7144106
878,2019-04-06,De 15:15 a 17:31,15:15 ,17:31,-23.5914102,-46.6897221
879,2019-04-06,De 15:17 a 17:29,15:17 ,17:29,-23.5575611,-46.7109394
880,2019-04-06,De 14:56 a 16:02,14:56 ,16:02,-23.5414483,-46.5351209
881,2019-04-06,De 14:56 a 16:02,14:56 ,16:02,-23.5414483,-46.5351209
882,2019-04-06,De 15:06 a 15:29,15:06 ,15:29,-23.5550119,-46.5171162
883,2019-04-06,De 15:16 a 16:30,15:16 ,16:30,-23.5471671,-46.530023
884,2019-04-06,De 14:20 a 18:08,14:20 ,18:08,-23.552072,-46.5769369
885,2019-04-06,De 15:13 a 15:48,15:13 ,15:48,-23.5902154,-46.5438071
886,2019-04-06,De 14:49 a 16:28,14:49 ,16:28,-23.5826097,-46.6524367
887,2019-04-06,De 14:57 a 16:12,14:57 ,16:12,-23.5993634,-46.6532564
888,2019-04-06,De 14:57 a 16:12,14:57 ,16:12,-23.5993634,-46.6532564
889,2019-04-06,De 16:01 a 19:10,16:01 ,19:10,-23.5854585,-46.6684139
890,2019-04-06,De 17:11 a 22:13,17:11 ,22:13,-23.5837476,-46.6780743
891,2019-04-07,De 23:46 a 02:01,23:46 ,02:01,-23.4459999,-46.590168
892,2019-04-07,De 23:46 a 02:01,23:46 ,02:01,-23.5183042,-46.7458324
893,2019-04-07,De 22:38 a 01:40,22:38 ,01:40,-23.5152999,-46.6585136
894,2019-04-07,De 23:30 a 23:37,23:30 ,23:37,-23.5150548,-46.6911891
895,2019-04-07,De 22:21 a 02:02,22:21 ,02:02,-23.5179509,-46.64946399999999
896,2019-04-08,De 17:46 a 18:38,17:46 ,18:38,-23.5179509,-46.64946399999999
897,2019-04-08,De 17:58 a 18:00,17:58 ,18:00,-23.4811136,-46.6745758
898,2019-04-08,De 14:34 a 14:35,14:34 ,14:35,-23.5379116,-46.6417273
899,2019-04-08,De 14:37 a 16:06,14:37 ,16:06,-23.5382919,-46.64121
900,2019-04-08,De 17:52 a 19:07,17:52 ,19:07,-23.5402935,-46.6398243
901,2019-04-08,De 17:56 a 18:46,17:56 ,18:46,-23.5881265,-46.6905352
902,2019-04-08,De 12:30 a 12:28,12:30 ,12:28,-23.5350322,-46.58181279999999
903,2019-04-08,De 18:06 a 18:44,18:06 ,18:44,-23.5418476,-46.6147544
904,2019-04-08,De 18:10 a 18:44,18:10 ,18:44,-23.5380499,-46.5989774
905,2019-04-08,De 18:10 a 18:44,18:10 ,18:44,-23.5397517,-46.6103897
906,2019-04-08,De 18:22 a 18:24,18:22 ,18:24,-23.5997472,-46.5517524
907,2019-04-08,De 18:22 a 20:10,18:22 ,20:10,-23.6080085,-46.5445349
908,2019-04-09,De 17:06 a ,17:06 ,,-23.5179509,-46.64946399999999
909,2019-04-09,De 17:56 a ,17:56 ,,-23.4834486,-46.7226769
910,2019-04-09,De 15:54 a ,15:54 ,,-23.5866554,-46.6914666
911,2019-04-09,De 16:03 a ,16:03 ,,-23.6127701,-46.6988729
912,2019-04-09,De 15:48 a ,15:48 ,,-23.5721786,-46.7009942
913,2019-04-09,De 15:58 a ,15:58 ,,-23.5898417,-46.6930118
914,2019-04-09,De 16:03 a ,16:03 ,,-23.6127701,-46.6988729
915,2019-04-09,De 16:08 a ,16:08 ,,-23.5575611,-46.7109394
916,2019-04-09,De 16:20 a ,16:20 ,,-23.5575611,-46.7109394
917,2019-04-09,De 16:39 a ,16:39 ,,-23.5660725,-46.6692885
918,2019-04-09,De 16:40 a 17:41,16:40 ,17:41,-23.5380499,-46.5989774
919,2019-04-09,De 15:40 a ,15:40 ,,-23.5974359,-46.6972704
920,2019-04-10,De 06:58 a 07:00,06:58 ,07:00,-23.5313628,-46.7362519
921,2019-04-10,De 09:34 a 16:49,09:34 ,16:49,-23.4890939,-46.4014795
922,2019-04-11,De 08:18 a 08:46,08:18 ,08:46,-23.5427886,-46.64766030000001
923,2019-04-14,De 10:10 a 11:17,10:10 ,11:17,-23.5153037,-46.6667883
924,2019-04-14,De 11:31 a 12:00,11:31 ,12:00,-23.5133386,-46.6789971
925,2019-04-14,De 09:52 a 11:18,09:52 ,11:18,-23.5179509,-46.64946399999999
926,2019-04-14,De 16:16 a 21:09,16:16 ,21:09,-23.5531626,-46.61384460000001
927,2019-04-14,De 11:49 a 13:38,11:49 ,13:38,-23.6462723,-46.7253607
928,2019-04-16,De 20:18 a 20:32,20:18 ,20:32,-23.5041705,-46.6246697
929,2019-04-16,De 10:52 a 11:03,10:52 ,11:03,-23.5399147,-46.63072529999999
930,2019-04-22,De 08:20 a 10:20,08:20 ,10:20,-23.5399147,-46.63072529999999
931,2019-04-23,De 18:03 a 18:16,18:03 ,18:16,-23.5399147,-46.63072529999999
932,2019-04-25,De 07:27 a 07:40,07:27 ,07:40,-23.5399147,-46.63072529999999
933,2019-04-26,De 15:21 a 17:10,15:21 ,17:10,-23.5189326,-46.6547652
934,2019-04-26,De 15:53 a 19:00,15:53 ,19:00,-23.5443053,-46.6325928
935,2019-04-26,De 16:01 a 16:52,16:01 ,16:52,-23.5568285,-46.6296005
936,2019-04-26,De 16:11 a 16:34,16:11 ,16:34,-23.5571917,-46.6285664
937,2019-04-26,De 16:15 a 19:00,16:15 ,19:00,-23.5427039,-46.6268799
938,2019-04-26,De 16:27 a 19:20,16:27 ,19:20,-23.5418808,-46.6301274
939,2019-04-26,De 16:32 a 17:25,16:32 ,17:25,-23.5375715,-46.64175119999999
940,2019-04-26,De 16:46 a 16:47,16:46 ,16:47,-23.5427039,-46.6268799
941,2019-04-26,De 16:50 a 17:25,16:50 ,17:25,-23.5404284,-46.6295011
942,2019-04-26,De 15:34 a 15:59,15:34 ,15:59,-23.5153037,-46.6667883
943,2019-04-26,De 16:39 a 18:20,16:39 ,18:20,-23.5522997,-46.6228665
944,2019-04-26,De 16:46 a 17:25,16:46 ,17:25,-23.5380499,-46.5989774
945,2019-04-26,De 16:25 a 16:55,16:25 ,16:55,-23.5834742,-46.654522
946,2019-04-26,De 16:32 a 16:57,16:32 ,16:57,-23.5834742,-46.654522
947,2019-04-28,De 17:55 a 19:48,17:55 ,19:48,-23.5171058,-46.7258309
948,2019-04-28,De 20:19 a 21:16,20:19 ,21:16,-23.5881265,-46.6905352
949,2019-04-28,De 18:05 a 21:18,18:05 ,21:18,-23.6653157,-46.6781231
950,2019-04-28,De 20:48 a 21:14,20:48 ,21:14,-23.6462723,-46.7253607
951,2019-04-29,De 04:38 a 04:47,04:38 ,04:47,-23.5427039,-46.6268799
952,2019-05-05,De 18:33 a 18:38,18:33 ,18:38,-23.5039206,-46.6846383
953,2019-05-05,De 18:47 a 19:25,18:47 ,19:25,-23.5179509,-46.64946399999999
954,2019-05-05,De 19:57 a 21:12,19:57 ,21:12,-23.5155997,-46.6595462
955,2019-05-05,De 18:38 a 19:18,18:38 ,19:18,-23.5195747,-46.6741744
956,2019-05-19,De 16:40 a 18:17,16:40 ,18:17,-23.5414483,-46.5351209
957,2019-05-19,De 16:40 a 18:17,16:40 ,18:17,-23.540056,-46.5423531
958,2019-05-19,De 16:40 a 17:52,16:40 ,17:52,-23.5550119,-46.5171162
959,2019-05-19,De 16:50 a 19:25,16:50 ,19:25,-23.5441466,-46.53109320000001
960,2019-05-19,De 16:50 a 19:25,16:50 ,19:25,-23.5480634,-46.5261307
961,2019-06-01,De 16:54 a 02:17,16:54 ,02:17,-23.6462723,-46.7253607
962,2019-06-01,De 20:36 a 02:19,20:36 ,02:19,-23.6462723,-46.7253607
963,2019-06-02,De 07:04 a 06:46,07:04 ,06:46,-23.5689122,-46.64086469999999
964,2019-06-02,De 14:20 a 21:16,14:20 ,21:16,-23.5702565,-46.7002181
965,2019-06-02,De 20:16 a 14:15,20:16 ,14:15,-23.5702565,-46.7002181
966,2019-06-02,De 20:50 a 21:15,20:50 ,21:15,-23.5480634,-46.5261307
967,2019-06-02,De 07:19 a 18:10,07:19 ,18:10,-23.5409715,-46.4494444
968,2019-06-02,De 08:20 a 08:40,08:20 ,08:40,-23.5377001,-46.4867092
969,2019-06-02,De 20:38 a 20:41,20:38 ,20:41,-23.581955,-46.4907206
970,2019-06-02,De 20:39 a 21:16,20:39 ,21:16,-23.57282,-46.4744099
971,2019-06-02,De 16:20 a 21:16,16:20 ,21:16,-23.6766461,-46.6419974
972,2019-06-03,De 12:01 a 12:32,12:01 ,12:32,-23.4811136,-46.6745758
973,2019-06-03,De 05:22 a 07:57,05:22 ,07:57,-23.4980653,-46.7470193
974,2019-06-03,De 09:44 a 10:20,09:44 ,10:20,-23.4271371,-46.7243753
975,2019-06-03,De 07:13 a 07:24,07:13 ,07:24,-23.5433336,-46.6455043
976,2019-06-03,De 07:17 a 07:19,07:17 ,07:19,-23.5438681,-46.6455288
977,2019-06-03,De 07:32 a 07:44,07:32 ,07:44,-23.5427039,-46.6268799
978,2019-06-03,De 07:51 a 07:55,07:51 ,07:55,-23.5360774,-46.6516595
979,2019-06-03,De 07:55 a 08:00,07:55 ,08:00,-23.5304459,-46.66102919999999
980,2019-06-03,De 09:27 a 09:35,09:27 ,09:35,-23.5725782,-46.7045018
981,2019-06-03,De 06:24 a 07:54,06:24 ,07:54,-23.5150548,-46.6911891
982,2019-06-03,De 07:03 a 07:56,07:03 ,07:56,-23.5235512,-46.7073139
983,2019-06-03,De 05:33 a 10:18,05:33 ,10:18,-23.5881265,-46.6905352
984,2019-06-03,De 05:43 a 07:44,05:43 ,07:44,-23.5661229,-46.6693192
985,2019-06-03,De 05:50 a 06:03,05:50 ,06:03,-23.566567,-46.66903
986,2019-06-03,De 05:52 a 10:06,05:52 ,10:06,-23.5904283,-46.6912605
987,2019-06-03,De 06:05 a 11:41,06:05 ,11:41,-23.553904,-46.7189479
988,2019-06-03,De 06:26 a 07:42,06:26 ,07:42,-23.5628046,-46.67459239999999
989,2019-06-03,De 07:41 a 08:14,07:41 ,08:14,-23.5702565,-46.7002181
990,2019-06-03,De 09:13 a 09:28,09:13 ,09:28,-23.6250644,-46.6863733
991,2019-06-03,De 10:11 a 13:04,10:11 ,13:04,-23.5520256,-46.4450668
992,2019-06-03,De 07:09 a 13:25,07:09 ,13:25,-23.5520742,-46.6235387
993,2019-06-03,De 08:02 a 08:26,08:02 ,08:26,-23.5403212,-46.6116846
994,2019-06-03,De 08:13 a 13:10,08:13 ,13:10,-23.5378738,-46.61767870000001
995,2019-06-03,De 08:17 a 13:04,08:17 ,13:04,-23.5418476,-46.6147544
996,2019-06-03,De 08:21 a 14:53,08:21 ,14:53,-23.5400925,-46.61158589999999
997,2019-07-04,De 06:32 a 09:25,06:32 ,09:25,-23.5179509,-46.64946399999999
998,2019-07-04,De 07:51 a 08:13,07:51 ,08:13,-23.4811136,-46.6745758
999,2019-07-04,De 06:51 a 22:51,06:51 ,22:51,-23.5225187,-46.609986
1000,2019-07-04,De 06:18 a 10:34,06:18 ,10:34,-23.5183042,-46.7458324
1001,2019-07-04,De 08:24 a 08:34,08:24 ,08:34,-23.5315954,-46.6264748
1002,2019-07-04,De 14:55 a 15:06,14:55 ,15:06,-23.5367526,-46.6422779
1003,2019-07-04,De 15:01 a 15:05,15:01 ,15:05,-23.5393987,-46.6327896
1004,2019-07-04,De 16:13 a 16:28,16:13 ,16:28,-23.5446915,-46.6327137
1005,2019-07-04,De 16:17 a 16:26,16:17 ,16:26,-23.5478599,-46.6310176
1006,2019-07-04,De 17:22 a 19:36,17:22 ,19:36,-23.5427039,-46.6268799
1007,2019-07-04,De 22:19 a 22:53,22:19 ,22:53,-23.5187464,-46.6300234
1008,2019-07-04,De 23:41 a 08:09,23:41 ,08:09,-23.5427039,-46.6268799
1009,2019-07-04,De 10:00 a 10:41,10:00 ,10:41,-23.5582886,-46.7115218
1010,2019-07-04,De 08:02 a 08:23,08:02 ,08:23,-23.5654811,-46.7023067
1011,2019-07-04,De 08:30 a 08:48,08:30 ,08:48,-23.6181633,-46.7009973
1012,2019-07-04,De 12:30 a 19:43,12:30 ,19:43,-23.5951954,-46.433344
1013,2019-07-04,De 13:28 a 13:59,13:28 ,13:59,-23.5502516,-46.5232584
1014,2019-07-04,De 13:28 a 14:53,13:28 ,14:53,-23.5480634,-46.5261307
1015,2019-07-04,De 15:19 a 16:00,15:19 ,16:00,-23.553502,-46.5180608
1016,2019-07-04,De 12:27 a 14:17,12:27 ,14:17,-23.52887,-46.456656
1017,2019-07-04,De 17:58 a 21:42,17:58 ,21:42,-23.5404303,-46.449727
1018,2019-07-04,De 23:52 a 00:40,23:52 ,00:40,-23.5409715,-46.4494444
1019,2019-07-04,De 09:24 a 13:21,09:24 ,13:21,-23.5431983,-46.587157
1020,2019-07-04,De 10:30 a 12:09,10:30 ,12:09,-23.539861,-46.585831
1021,2019-07-04,De 10:45 a 12:08,10:45 ,12:08,-23.5351693,-46.5827003
1022,2019-07-04,De 15:18 a 22:50,15:18 ,22:50,-23.5520243,-46.5777714
1023,2019-07-04,De 15:43 a 22:50,15:43 ,22:50,-23.5577269,-46.5776102
1024,2019-07-04,De 19:52 a 00:39,19:52 ,00:39,-23.529232,-46.5985754
1025,2019-07-04,De 20:23 a 20:49,20:23 ,20:49,-23.5303647,-46.5993749
1026,2019-07-04,De 11:14 a 11:20,11:14 ,11:20,-23.5359313,-46.49085909999999
1027,2019-07-04,De 12:41 a 16:03,12:41 ,16:03,-23.5507706,-46.5223402
1028,2019-07-04,De 08:23 a 15:40,08:23 ,15:40,-23.6986252,-46.6477997
1029,2019-07-04,De 07:32 a 17:00,07:32 ,17:00,-23.6462723,-46.7253607
1030,2019-07-04,De 07:56 a 08:05,07:56 ,08:05,-23.6462723,-46.7253607
1031,2019-07-04,De 15:07 a 15:35,15:07 ,15:35,-23.6583985,-46.702784
1032,2019-07-04,De 11:12 a 12:38,11:12 ,12:38,-23.6960174,-46.6501787
1033,2019-07-05,De 00:03 a 08:42,00:03 ,08:42,-23.5179509,-46.64946399999999
1034,2019-07-05,De 00:08 a 10:51,00:08 ,10:51,-23.5179509,-46.64946399999999
1035,2019-07-05,De 03:17 a 08:32,03:17 ,08:32,-23.5179509,-46.64946399999999
1036,2019-07-05,De 05:41 a 10:30,05:41 ,10:30,-23.5207413,-46.6542729
1037,2019-07-05,De 05:41 a 10:31,05:41 ,10:31,-23.5196744,-46.6556344
1038,2019-07-05,De 06:52 a 12:11,06:52 ,12:11,-23.5179509,-46.64946399999999
1039,2019-07-05,De 07:11 a 10:30,07:11 ,10:30,-23.5207741,-46.655603
1040,2019-07-05,De 07:51 a 08:09,07:51 ,08:09,-23.5427039,-46.6268799
1041,2019-07-05,De 07:28 a 07:32,07:28 ,07:32,-23.5725782,-46.7045018
1042,2019-07-05,De 01:43 a 11:51,01:43 ,11:51,-23.5259677,-46.74189759999999
1043,2019-07-05,De 04:14 a 12:09,04:14 ,12:09,-23.5269022,-46.7462836
1044,2019-07-05,De 06:06 a 11:19,06:06 ,11:19,-23.5087688,-46.68633579999999
1045,2019-07-05,De 06:28 a 12:10,06:28 ,12:10,-23.5234483,-46.7411994
1046,2019-07-05,De 07:47 a 13:57,07:47 ,13:57,-23.5471814,-46.7359685
1047,2019-07-05,De 09:11 a 12:11,09:11 ,12:11,-23.5207994,-46.6930823
1048,2019-07-05,De 01:42 a 15:37,01:42 ,15:37,-23.5881265,-46.6905352
1049,2019-07-05,De 07:09 a 07:11,07:09 ,07:11,-23.5628046,-46.67459239999999
1050,2019-07-05,De 07:53 a 10:25,07:53 ,10:25,-23.566567,-46.66903
1051,2019-07-05,De 07:55 a 13:56,07:55 ,13:56,-23.574122,-46.6677238
1052,2019-07-05,De 08:02 a 13:56,08:02 ,13:56,-23.5794113,-46.6772294
1053,2019-07-05,De 08:09 a 12:53,08:09 ,12:53,-23.5772968,-46.6802308
1054,2019-07-05,De 08:18 a 13:57,08:18 ,13:57,-23.5705606,-46.6731993
1055,2019-07-05,De 08:34 a 13:55,08:34 ,13:55,-23.566567,-46.66903
1056,2019-07-05,De 12:24 a 16:00,12:24 ,16:00,-23.552072,-46.5769369
1057,2019-07-05,De 05:28 a 11:23,05:28 ,11:23,-23.6181633,-46.7009973
1058,2019-09-01,De 14:01 a 17:47,14:01 ,17:47,-23.5179509,-46.64946399999999
1059,2019-09-01,De 00:28 a 01:12,00:28 ,01:12,-23.5299203,-46.6420086
1060,2019-09-01,De 14:24 a 00:10,14:24 ,00:10,-23.5379116,-46.6417273
1061,2019-09-01,De 19:05 a 00:10,19:05 ,00:10,-23.5287445,-46.6244208
1062,2019-09-02,De 04:35 a 05:20,04:35 ,05:20,-23.5504292,-46.6381386
1063,2019-09-02,De 06:15 a 06:59,06:15 ,06:59,-23.5421063,-46.6275041
1064,2019-09-02,De 06:27 a 06:42,06:27 ,06:42,-23.5427039,-46.6268799
1065,2019-09-02,De 04:26 a 07:34,04:26 ,07:34,-23.5575611,-46.7109394
1066,2019-09-02,De 05:05 a 05:45,05:05 ,05:45,-23.5220475,-46.6563306
1067,2019-09-03,De 18:56 a 19:02,18:56 ,19:02,-23.552072,-46.5769369
