,latitude,longitude,umidade
0,-23.8282027,-46.7270925,115.0
1,-23.7931135,-46.72920360000001,353.0
2,-23.7685129,-46.7174347,1045.0
3,-23.7664337,-46.7175583,190.0
4,-23.75503,-46.67607839999999,364.0
5,-23.7550249,-46.6753848,512.0
6,-23.7500595,-46.6880682,264.0
7,-23.7496214,-46.7532498,174.0
8,-23.74646730000001,-46.6848225,178.0
9,-23.7360009,-46.6947123,346.0
10,-23.7345288,-46.7958352,175.0
11,-23.7343857,-46.79610510000001,181.0
12,-23.7243301,-46.69990960000001,463.0
13,-23.7222764,-46.78527310000001,147.0
14,-23.7142369,-46.7079048,276.0
15,-23.7141272,-46.70803950000001,258.0
16,-23.7124302,-46.7100777,182.0
17,-23.7102956,-46.6995047,83.0
18,-23.7069271,-46.71303010000001,699.0
19,-23.703722,-46.7145847,539.0
20,-23.703218,-46.7012854,81.0
21,-23.7030879,-46.7146618,204.0
22,-23.6994825,-46.7152803,209.0
23,-23.6988927,-46.7559164,670.0
24,-23.6972571,-46.6734805,215.0
25,-23.6928288,-46.6772609,229.0
26,-23.690509,-46.675111,221.0
27,-23.6898831,-46.71481139999999,356.0
28,-23.688098,-46.7144513,81.0
29,-23.6856812,-46.6802674,131.0
30,-23.6841075,-46.691945,7597.0
31,-23.6828019,-46.69041710000001,75.0
32,-23.6826905,-46.69027929999999,136.0
33,-23.6814862,-46.69453490000001,168.0
34,-23.6810197,-46.6381862,428.0
35,-23.6805291,-46.7063454,897.0
36,-23.679213,-46.71244129999999,209.0
37,-23.6789861,-46.7127107,164.0
38,-23.6786374,-46.6507714,564.0
39,-23.6785963,-46.6850177,4514.0
40,-23.6782992,-46.698417600000006,236.0
41,-23.6765104,-46.6767267,225.0
42,-23.6757762,-46.698435,1727.0
43,-23.6756933,-46.7488761,304.0
44,-23.6755773,-46.6989804,2051.0
45,-23.6748449,-46.7326101,158.0
46,-23.6741462,-46.7001485,90.0
47,-23.673164,-46.7010161,768.0
48,-23.6730741,-46.6770339,129.0
49,-23.6726992,-46.7122024,209.0
50,-23.6722652,-46.7420503,260.0
51,-23.6722242,-46.74264789999999,252.0
52,-23.6721371,-46.6985305,792.0
53,-23.672131,-46.7416845,76.0
54,-23.6718682,-46.74204080000001,263.0
55,-23.6716305,-46.7419936,183.0
56,-23.6714244,-46.740913600000006,555.0
57,-23.6691958,-46.71203920000001,210.0
58,-23.667774,-46.7304673,73.0
59,-23.6674064,-46.72525870000001,1540.0
60,-23.6673076,-46.7056364,765.0
61,-23.6671555,-46.72727889999999,1045.0
62,-23.6669676,-46.7740371,223.0
63,-23.6669625,-46.7727005,474.0
64,-23.6666865,-46.7225258,183.0
65,-23.6666279,-46.7715139,178.0
66,-23.6663914,-46.771511,240.0
67,-23.6663838,-46.718256,72.0
68,-23.6659612,-46.7229202,105.0
69,-23.6659471,-46.72715909999999,468.0
70,-23.6658875,-46.7130319,199.0
71,-23.6656675,-46.72677589999999,136.0
72,-23.6655587,-46.7270189,319.0
73,-23.6653914,-46.718691,89.0
74,-23.6653706,-46.72708770000001,834.0
75,-23.6653157,-46.6781231,46.0
76,-23.6652142,-46.6782455,614.0
77,-23.665071,-46.721661,148.0
78,-23.6650434,-46.72156079999999,519.0
79,-23.6650099,-46.7103192,243.0
80,-23.6641378,-46.67849529999999,175.0
81,-23.664009,-46.7080073,73.0
82,-23.6638785,-46.70995960000001,89.0
83,-23.6638686,-46.6785854,3096.0
84,-23.6638325,-46.7291745,1641.0
85,-23.6633313,-46.707879,140.0
86,-23.663223100000003,-46.70774489999999,423.0
87,-23.6631171,-46.7076066,841.0
88,-23.6625879,-46.706701,73.0
89,-23.6623653,-46.7068638,270.0
90,-23.66234630000001,-46.6794248,93.0
91,-23.662256,-46.706246,73.0
92,-23.6621868,-46.70707270000001,853.0
93,-23.6621072,-46.7068928,178.0
94,-23.6619281,-46.7065908,440.0
95,-23.6619145,-46.6862788,226.0
96,-23.6618529,-46.7063713,1739.0
97,-23.6617663,-46.6868196,175.0
98,-23.6615042,-46.67939970000001,2064.0
99,-23.6606505,-46.7047882,133.0
100,-23.6604082,-46.7048098,1068.0
101,-23.6603743,-46.7021464,88.0
102,-23.6600915,-46.70253169999999,350.0
103,-23.6599045,-46.7117099,761.0
104,-23.6598058,-46.7045241,161.0
105,-23.6595769,-46.7109345,502.0
106,-23.659564000000003,-46.7040693,1536.0
107,-23.6593753,-46.71051689999999,146.0
108,-23.658568,-46.7674511,335.0
109,-23.6584958,-46.70921449999999,1040.0
110,-23.6582469,-46.70896679999999,760.0
111,-23.6581077,-46.7088384,166.0
112,-23.6561976,-46.7075767,393.0
113,-23.6557008,-46.7190665,156.0
114,-23.6551559,-46.7244021,156.0
115,-23.6539771,-46.7088668,168.0
116,-23.6539123,-46.7245974,643.0
117,-23.6537565,-46.720741,1392.0
118,-23.6531866,-46.719877,322.0
119,-23.6527442,-46.7250433,175.0
120,-23.6527317,-46.7250646,47.0
121,-23.6526767,-46.71899310000001,446.0
122,-23.6526643,-46.72607070000001,71.0
123,-23.6524014,-46.725465,739.0
124,-23.6522565,-46.72287070000001,493.0
125,-23.6522351,-46.7126679,1745.0
126,-23.6512557,-46.7570141,88.0
127,-23.6510867,-46.7218284,280.0
128,-23.6507545,-46.67088620000001,281.0
129,-23.649073,-46.73221179999999,172.0
130,-23.6490513,-46.7525471,223.0
131,-23.6489312,-46.75289160000001,524.0
132,-23.6480024,-46.72750070000001,73.0
133,-23.6465815,-46.7288787,209.0
134,-23.6462723,-46.7253607,3258.0
135,-23.6460115,-46.71018839999999,92.0
136,-23.6459326,-46.7227193,178.0
137,-23.64593,-46.7538224,253.0
138,-23.6457685,-46.7120833,68.0
139,-23.6457192,-46.7302352,178.0
140,-23.6455992,-46.7102195,276.0
141,-23.64558460000001,-46.71028670000001,251.0
142,-23.64555,-46.72993,706.0
143,-23.6447734,-46.7175488,60.0
144,-23.644725,-46.7237915,632.0
145,-23.64470750000001,-46.7243115,90.0
146,-23.644588,-46.724498,515.0
147,-23.6444211,-46.7002144,252.0
148,-23.6435241,-46.73397410000001,129.0
149,-23.6435162,-46.6724991,1941.0
150,-23.64261650000001,-46.6995315,61.0
151,-23.6415722,-46.715951200000006,62.0
152,-23.6415424,-46.7241725,1683.0
153,-23.6413262,-46.78113,131.0
154,-23.6409193,-46.7368533,513.0
155,-23.6399093,-46.72113119999999,451.0
156,-23.6397448,-46.67346939999999,285.0
157,-23.63972080000001,-46.72154159999999,588.0
158,-23.6392794,-46.7220451,634.0
159,-23.63887080000001,-46.7219722,831.0
160,-23.6382072,-46.7408906,642.0
161,-23.6380267,-46.6564988,74.0
162,-23.6376664,-46.67746959999999,88.0
163,-23.636381,-46.7152266,62.0
164,-23.6361811,-46.6774954,178.0
165,-23.6347959,-46.75499019999999,341.0
166,-23.6347297,-46.7275418,453.0
167,-23.632409,-46.7156621,1249.0
168,-23.6324079,-46.715661,186.0
169,-23.6320399,-46.5833676,269.0
170,-23.6318945,-46.7151843,269.0
171,-23.631489,-46.77335009999999,113.0
172,-23.6309097,-46.6176659,247.0
173,-23.6308568,-46.4605088,354.0
174,-23.63051560000001,-46.7141346,2580.8064516129034
175,-23.6300287,-46.7135656,350.0
176,-23.6296987,-46.6844888,157.0
177,-23.628951,-46.6654591,380.0
178,-23.6281321,-46.68856829999999,176.0
179,-23.6280222,-46.685317100000006,274.0
180,-23.628008800000003,-46.687554,506.0
181,-23.6279559,-46.76727020000001,67.0
182,-23.627706,-46.619269,945.0
183,-23.6275491,-46.7113798,917.0
184,-23.6275033,-46.6189908,1000.0
185,-23.6274838,-46.61896760000001,522.0
186,-23.6273246,-46.6565842,513.0
187,-23.62651210000001,-46.6294583,898.0
188,-23.62648410000001,-46.687386,2358.0
189,-23.6264229,-46.6874891,5323.903225806452
190,-23.62602110000001,-46.6886941,89.0
191,-23.6259642,-46.7270102,182.0
192,-23.625818,-46.6886796,134.0
193,-23.6256401,-46.69167590000001,1774.0
194,-23.6254463,-46.6888139,73.0
195,-23.6253758,-46.6287942,2432.0
196,-23.6250996,-46.7075699,592.9677419354839
197,-23.625063,-46.6867172,180.0
198,-23.62467980000001,-46.7645809,147.0
199,-23.6244089,-46.694455100000006,118.0
200,-23.6243312,-46.6950615,330.0
201,-23.6240499,-46.76434329999999,183.0
202,-23.6238787,-46.70996829999999,14447.58064516129
203,-23.623745,-46.6952879,181.0
204,-23.6234596,-46.4801993,214.0
205,-23.6233833,-46.6779026,157.0
206,-23.6232908,-46.69954310000001,88.0
207,-23.6229115,-46.6804626,541.0
208,-23.6227181,-46.6968956,90.0
209,-23.6226045,-46.6994649,256.0
210,-23.62258,-46.472191,288.0
211,-23.6224802,-46.673114700000006,166.0
212,-23.6224124,-46.6282342,561.0
213,-23.6222458,-46.6845278,420.0
214,-23.622013,-46.70117370000001,494.0
215,-23.6216238,-46.6977748,164.0
216,-23.6213812,-46.7008789,1825.0
217,-23.6211685,-46.6984326,358.0
218,-23.621132,-46.627691,159.0
219,-23.6208778,-46.6785864,180.0
220,-23.6206816,-46.627792,514.0
221,-23.620556,-46.62777910000001,3276.0
222,-23.61983810000001,-46.6011657,190.0
223,-23.6198203,-46.627044,156.0
224,-23.6198179,-46.62680839999999,238.0
225,-23.6194146,-46.6275104,178.0
226,-23.6193201,-46.62772890000001,1357.0
227,-23.6191934,-46.6823034,89.0
228,-23.6190603,-46.6280469,636.0
229,-23.6189923,-46.6830422,180.0
230,-23.6189716,-46.6761361,68.0
231,-23.6186381,-46.67618529999999,157.0
232,-23.618208,-46.6605675,240.0
233,-23.6181834,-46.61112979999999,960.0
234,-23.6181633,-46.7009973,1025.0
235,-23.6181414,-46.6600584,156.0
236,-23.6180602,-46.7514001,91.0
237,-23.6177669,-46.7017805,607.0
238,-23.61762,-46.66168620000001,188.0
239,-23.6175205,-46.6617383,608.0
240,-23.6164796,-46.6988139,551.0
241,-23.6159624,-46.62736629999999,1458.0
242,-23.6157655,-46.7020905,167.0
243,-23.615402,-46.66724010000001,174.0
244,-23.6139787,-46.6083995,118.0
245,-23.6138744,-46.6787451,790.0
246,-23.6137961,-46.6956653,159.0
247,-23.6134859,-46.6714101,58.0
248,-23.6133909,-46.6983976,82.0
249,-23.6127902,-46.6276992,1184.0
250,-23.6127701,-46.6988729,3921.5806451612902
251,-23.6123869,-46.67193839999999,474.0
252,-23.612155800000004,-46.6074721,408.0
253,-23.6120494,-46.6776531,241.0
254,-23.6118412,-46.65641859999999,90.0
255,-23.6117463,-46.58101729999999,94.0
256,-23.6115932,-46.7542352,548.0
257,-23.6112691,-46.7533042,270.0
258,-23.61115280000001,-46.75300429999999,78.0
259,-23.6110611,-46.75298520000001,476.0
260,-23.611042,-46.6283031,336.0
261,-23.6109779,-46.5872696,212.0
262,-23.6109081,-46.60675620000001,94.0
263,-23.6108848,-46.752876,1242.0
264,-23.6105957,-46.59758400000001,145.0
265,-23.6103378,-46.6979058,180.0
266,-23.6101067,-46.6637739,174.0
267,-23.6100376,-46.7010528,2109.0
268,-23.6098686,-46.4912986,247.0
269,-23.6094348,-46.6646238,346.0
270,-23.6087562,-46.44294,260.0
271,-23.6084121,-46.6973008,504.0
272,-23.608409,-46.675497,220.0
273,-23.6083217,-46.69768999999999,452.0
274,-23.608251100000004,-46.6761498,159.0
275,-23.6081559,-46.6763522,178.0
276,-23.6079512,-46.6647429,78.0
277,-23.6077583,-46.6973162,11484.0
278,-23.6075597,-46.7099695,223.0
279,-23.6072419,-46.69968309999999,348.0
280,-23.6071962,-46.6971499,366.0
281,-23.6071829,-46.6656996,340.0
282,-23.607038,-46.6376746,122.0
283,-23.6065062,-46.6969314,2582.0
284,-23.6064953,-46.664826700000006,161.0
285,-23.6057845,-46.54323770000001,342.0
286,-23.6056435,-46.6960709,372.0
287,-23.6056014,-46.6642102,594.0
288,-23.6054922,-46.6609089,73.0
289,-23.6053438,-46.6990833,916.0
290,-23.605116,-46.6964654,174.0
291,-23.604837600000003,-46.7081324,672.0
292,-23.604755,-46.66874139999999,178.0
293,-23.6047405,-46.66697429999999,174.0
294,-23.6046651,-46.6819479,100.0
295,-23.6042148,-46.7190064,325.0
296,-23.6040217,-46.6627277,501.0
297,-23.6039559,-46.6928269,72.0
298,-23.6031912,-46.6637589,199.0
299,-23.6030974,-46.65128139999999,539.0
300,-23.6024464,-46.6517698,85.0
301,-23.6023904,-46.69812839999999,177.0
302,-23.6021187,-46.65097280000001,632.0
303,-23.6019988,-46.7185669,263.0
304,-23.601849800000004,-46.6515005,436.0
305,-23.6018144,-46.6825006,199.0
306,-23.601553,-46.6509325,1880.0
307,-23.601353,-46.682744,223.0
308,-23.601201,-46.7185399,163.0
309,-23.6010771,-46.6540711,174.0
310,-23.6010331,-46.71854879999999,568.0
311,-23.6008582,-46.6535395,69.0
312,-23.6007074,-46.6513995,332.0
313,-23.6001593,-46.6588857,248.0
314,-23.6000888,-46.7200902,1744.0
315,-23.5995665,-46.6907539,1468.0
316,-23.5995236,-46.6507244,63.0
317,-23.599446,-46.65127879999999,2848.880597014925
318,-23.5992475,-46.6600146,174.0
319,-23.5992238,-46.6572894,72.0
320,-23.5989615,-46.7846665,539.0
321,-23.5989379,-46.6976231,304.0
322,-23.5989085,-46.437798,358.0
323,-23.59838,-46.57657929999999,411.0
324,-23.5982038,-46.7197589,263.0
325,-23.5981419,-46.53341079999999,288.0
326,-23.5981316,-46.6971496,88.0
327,-23.5974359,-46.6972704,13779.0
328,-23.5973979,-46.6173858,178.0
329,-23.5973316,-46.56526160000001,132.0
330,-23.5973031,-46.5960764,175.0
331,-23.596632,-46.6912263,163.0
332,-23.5961363,-46.67970560000001,175.0
333,-23.5959732,-46.6966668,190.0
334,-23.5956701,-46.6907813,88.0
335,-23.5955472,-46.5972196,613.0
336,-23.5954272,-46.5378422,91.0
337,-23.5945527,-46.610063,141.0
338,-23.5945207,-46.6935321,446.0
339,-23.5942651,-46.6949583,223.0
340,-23.5939636,-46.72115150000001,2171.0
341,-23.5930432,-46.73332509999999,600.0
342,-23.5927108,-46.6209509,636.0
343,-23.5921613,-46.7317735,149.0
344,-23.591603,-46.7309946,71.0
345,-23.5914551,-46.73090620000001,180.0
346,-23.5913425,-46.620676,85.0
347,-23.591296300000003,-46.6649432,351.0
348,-23.5910518,-46.7303598,352.0
349,-23.5910277,-46.6208019,78.0
350,-23.5908354,-46.60721239999999,216.0
351,-23.5907654,-46.73041920000001,2857.0
352,-23.590728100000003,-46.7034062,88.0
353,-23.5904283,-46.6912605,90.0
354,-23.5904137,-46.62013889999999,969.0
355,-23.590368,-46.7027571,157.0
356,-23.5903374,-46.7302593,353.0
357,-23.5902154,-46.5438071,600.0
358,-23.5899277,-46.5977819,184.0
359,-23.5898417,-46.6930118,1924.5806451612902
360,-23.5896733,-46.681125400000006,94.0
361,-23.5896449,-46.7016814,64.0
362,-23.589644,-46.7295291,182.0
363,-23.5894878,-46.5882038,262.0
364,-23.589061800000003,-46.7286683,648.0
365,-23.5890433,-46.6761478,92.0
366,-23.5888866,-46.7002858,173.0
367,-23.5888768,-46.68132139999999,231.0
368,-23.588773,-46.5982209,356.0
369,-23.5886531,-46.68204799999999,207.0
370,-23.5885879,-46.5894919,361.0
371,-23.5885405,-46.67170309999999,88.0
372,-23.5881265,-46.6905352,8528.0
373,-23.5880455,-46.595779,87.0
374,-23.5879501,-46.59602570000001,156.0
375,-23.5877806,-46.72289929999999,600.0
376,-23.5877404,-46.66424689999999,509.0
377,-23.58753380000001,-46.7230018,82.0
378,-23.5874162,-46.6576336,229.0
379,-23.5872435,-46.5916083,181.0
380,-23.5869911,-46.68963730000001,598.0
381,-23.5869187,-46.60348370000001,248.0
382,-23.5867387,-46.5902006,925.0
383,-23.58671660000001,-46.6915577,415.0
384,-23.5867134,-46.6936101,178.0
385,-23.5866564,-46.6986415,208.0
386,-23.5866554,-46.69146660000001,173.0
387,-23.5865422,-46.69518400000001,546.0
388,-23.5864206,-46.6951744,1873.0
389,-23.5863748,-46.60227070000001,264.0
390,-23.58633,-46.69631,517.0
391,-23.5862473,-46.58894229999999,1167.0
392,-23.586150600000003,-46.66728610000001,173.0
393,-23.5860954,-46.696324,142.0
394,-23.5860931,-46.6977309,1030.0
395,-23.5860815,-46.6968549,270.0
396,-23.5858149,-46.6889648,167.0
397,-23.5857363,-46.6983464,182.0
398,-23.5856559,-46.670507,254.0
399,-23.585543,-46.650952,1731.0
400,-23.585393300000003,-46.6181717,90.0
401,-23.5851539,-46.7226826,923.0
402,-23.585104,-46.69074129999999,617.0
403,-23.5849987,-46.5805906,72.0
404,-23.5849256,-46.5808679,81.0
405,-23.5845373,-46.5782809,347.0
406,-23.584403,-46.5864655,3015.0
407,-23.5843984,-46.5819068,555.0
408,-23.5842001,-46.6908955,244.0
409,-23.5841685,-46.492128,950.0
410,-23.5840865,-46.5843941,1926.0
411,-23.5835626,-46.5751825,120.0
412,-23.5835,-46.6544014,138.0
413,-23.5834742,-46.654522,5143.820895522388
414,-23.5834173,-46.5752457,270.0
415,-23.5833647,-46.5747216,727.0
416,-23.5832843,-46.7831279,266.0
417,-23.5832788,-46.6991355,441.0
418,-23.5832055,-46.68635769999999,168.0
419,-23.583064,-46.69962599999999,292.0
420,-23.5830546,-46.5646211,253.0
421,-23.5830472,-46.6863545,260.0
422,-23.5830399,-46.6522638,160.0
423,-23.5830108,-46.568617,733.0
424,-23.5830026,-46.5733797,2795.0
425,-23.5829641,-46.5975085,110.0
426,-23.5828983,-46.6860975,202.0
427,-23.5827188,-46.5866282,177.0
428,-23.5826871,-46.5998274,1233.0
429,-23.5825945,-46.564147,156.0
430,-23.58257810000001,-46.5621605,173.0
431,-23.582559600000003,-46.6856942,175.0
432,-23.5824862,-46.4967297,167.0
433,-23.5824805,-46.6677352,145.0
434,-23.5824676,-46.56287860000001,157.0
435,-23.5822667,-46.56294310000001,2299.0
436,-23.5821024,-46.5925562,411.0
437,-23.58206400000001,-46.555408,168.0
438,-23.5819598,-46.6141567,199.0
439,-23.581955,-46.4907206,2567.0
440,-23.581918,-46.5729191,177.0
441,-23.5818297,-46.5619739,481.0
442,-23.581779,-46.5372484,93.0
443,-23.5817161,-46.4152394,329.0
444,-23.5813836,-46.4920896,66.0
445,-23.581351,-46.393935,132.0
446,-23.5809996,-46.6842815,188.0
447,-23.5804918,-46.6931583,354.0
448,-23.5802573,-46.6834092,505.0
449,-23.5801065,-46.720886,423.0
450,-23.5796747,-46.7015104,627.0
451,-23.5795126,-46.5720433,263.0
452,-23.5793251,-46.7102626,398.0
453,-23.5788782,-46.6941078,162.0
454,-23.5788625,-46.662355,475.0
455,-23.578661,-46.6455268,332.0
456,-23.5784988,-46.7088893,170.0
457,-23.5784203,-46.645245,827.0
458,-23.5783267,-46.6664954,340.0
459,-23.5782668,-46.69444960000001,363.0
460,-23.5781011,-46.7021829,529.0
461,-23.5776186,-46.61030510000001,174.0
462,-23.577283,-46.62883300000001,18.0
463,-23.5771931,-46.60910459999999,453.0
464,-23.5770512,-46.6411569,852.0
465,-23.5769169,-46.6432205,1722.0
466,-23.5766138,-46.500846,198.0
467,-23.5764224,-46.7076636,308.0
468,-23.5759891,-46.7029149,143.0
469,-23.5756985,-46.7030048,441.0
470,-23.5755189,-46.6413215,808.0
471,-23.5754932,-46.6110617,265.0
472,-23.5754838,-46.5024468,205.0
473,-23.5748782,-46.68206970000001,1019.0
474,-23.5747064,-46.6079143,649.0
475,-23.574391,-46.3931267,349.0
476,-23.5741157,-46.64451079999999,240.0
477,-23.5739871,-46.7102879,424.1935483870968
478,-23.5738923,-46.6671251,566.0
479,-23.573615300000004,-46.7100261,985.0
480,-23.573301,-46.6983924,78.0
481,-23.5732319,-46.6984935,162.0
482,-23.572807,-46.70226780000001,1262.5806451612902
483,-23.5727121,-46.6079424,1858.0
484,-23.572613600000004,-46.7045413,149.0
485,-23.5726084,-46.5044544,299.0
486,-23.5725782,-46.7045018,4196.0
487,-23.5724408,-46.70516869999999,621.0
488,-23.572437,-46.70416710000001,85.0
489,-23.5723966,-46.66505979999999,342.0
490,-23.572376,-46.70538060000001,172.19354838709677
491,-23.5723584,-46.5059158,167.0
492,-23.5723312,-46.6986407,90.0
493,-23.5722959,-46.604344,93.0
494,-23.572184,-46.7010993,62.0
495,-23.5721786,-46.7009942,1886.0
496,-23.5720868,-46.7128951,140.0
497,-23.572032,-46.6998123,635.0
498,-23.5719378,-46.6628054,148.0
499,-23.5718525,-46.6975258,954.0
500,-23.5717322,-46.70847879999999,360.0
501,-23.5715618,-46.6983621,261.0
502,-23.5715512,-46.696141,205.0
503,-23.5715317,-46.7022495,276.0
504,-23.5715162,-46.6957335,635.0
505,-23.57149200000001,-46.6660141,85.0
506,-23.5714865,-46.7398797,91.0
507,-23.5714639,-46.6989907,658.0
508,-23.5714495,-46.7077558,2449.5806451612902
509,-23.5712427,-46.69910460000001,3038.0
510,-23.57107,-46.69101,72.0
511,-23.5710017,-46.709162,4895.0
512,-23.5709718,-46.69096939999999,167.0
513,-23.5708383,-46.70110469999999,391.0
514,-23.5706163,-46.6909158,86.0
515,-23.5703194,-46.711623,259.0
516,-23.5694294,-46.7013964,332.0
517,-23.5692895,-46.68757120000001,167.0
518,-23.5689122,-46.64086469999999,1461.0
519,-23.5686275,-46.68570820000001,71.0
520,-23.5685285,-46.60789120000001,257.0
521,-23.568506,-46.59863170000001,231.0
522,-23.5682305,-46.6076365,265.0
523,-23.568072,-46.6091904,172.0
524,-23.5679672,-46.7424889,452.0
525,-23.5679585,-46.6465188,57.0
526,-23.5678295,-46.6979814,182.0
527,-23.567708,-46.6490653,87.0
528,-23.56740060000001,-46.66800689999999,306.0
529,-23.5670542,-46.640897,159.0
530,-23.5664902,-46.7032336,173.0
531,-23.56635480000001,-46.5075864,118.0
532,-23.5662554,-46.684336,166.0
533,-23.5661065,-46.50772620000001,183.0
534,-23.5657324,-46.71179799999999,254.0
535,-23.565481100000003,-46.7023067,5721.58064516129
536,-23.5652689,-46.6796648,167.0
537,-23.5651888,-46.70094650000001,613.0
538,-23.5650894,-46.6060689,260.0
539,-23.5647449,-46.667136,158.0
540,-23.5646455,-46.6546818,167.0
541,-23.5641608,-46.6778872,1916.5806451612902
542,-23.5640343,-46.6645165,632.0
543,-23.56402210000001,-46.5491355,85.0
544,-23.5638924,-46.7491334,607.0
545,-23.5638523,-46.6362297,213.0
546,-23.5637309,-46.6117037,175.0
547,-23.5634913,-46.54947809999999,177.0
548,-23.5632233,-46.6120421,649.0
549,-23.5631722,-46.6122119,466.0
550,-23.5631111,-46.6303958,315.0
551,-23.56309610000001,-46.6562869,538.0
552,-23.5628046,-46.67459239999999,2906.0
553,-23.5626732,-46.60702970000001,322.0
554,-23.562252,-46.6560876,87.0
555,-23.5621621,-46.6389973,239.0
556,-23.5620575,-46.7044215,388.0
557,-23.5617929,-46.6580219,817.0
558,-23.56141400000001,-46.6558819,526.0
559,-23.5613055,-46.68776829999999,533.0
560,-23.5612461,-46.65778770000001,154.0
561,-23.560900600000004,-46.61268629999999,84.0
562,-23.5599017,-46.6601825,315.0
563,-23.5594941,-46.6310821,737.0
564,-23.5592539,-46.630871000000006,183.0
565,-23.558855,-46.51335,167.0
566,-23.5588189,-46.5690836,157.0
567,-23.5586635,-46.6293628,153.0
568,-23.5586221,-46.5137237,167.0
569,-23.5584907,-46.6234938,279.0
570,-23.5583053,-46.64153899999999,239.0
571,-23.558288600000004,-46.7115218,1219.0
572,-23.558188,-46.6288888,182.0
573,-23.5580037,-46.6289532,163.0
574,-23.5575611,-46.7109394,267.0
575,-23.5574174,-46.6002234,89.0
576,-23.5574014,-46.6378341,606.0
577,-23.5573938,-46.6183215,2105.0
578,-23.5571917,-46.6285664,2191.0
579,-23.55709,-46.7114872,525.0
580,-23.5568478,-46.533845,264.0
581,-23.5568285,-46.6296005,1986.223880597015
582,-23.5566408,-46.6510565,539.0
583,-23.5565299,-46.516571,634.0
584,-23.5565094,-46.44646059999999,329.0
585,-23.5564714,-46.6308708,817.0
586,-23.5564561,-46.6619089,537.0
587,-23.5563876,-46.6523551,167.0
588,-23.5562328,-46.62844570000001,895.0
589,-23.5560709,-46.6291905,1026.0
590,-23.5560658,-46.6285122,2562.0
591,-23.5560292,-46.6664783,1001.0
592,-23.5559142,-46.5774648,118.0
593,-23.5558264,-46.5170579,258.0
594,-23.5558033,-46.6675382,450.0
595,-23.5557717,-46.64948270000001,1634.8208955223881
596,-23.5557254,-46.6875306,182.0
597,-23.5556451,-46.6489311,65.0
598,-23.5556266,-46.64916210000001,86.0
599,-23.55562,-46.6490798,135.0
600,-23.5555434,-46.51777149999999,352.0
601,-23.555471,-46.645336,90.0
602,-23.5553996,-46.64961270000001,339.0
603,-23.5553807,-46.7377449,420.0
604,-23.5550741,-46.5590254,180.0
605,-23.5550119,-46.5171162,2323.0
606,-23.5548132,-46.70621060000001,508.0
607,-23.5543725,-46.70946370000001,256.0
608,-23.5542021,-46.7081671,361.0
609,-23.5541362,-46.7184776,92.0
610,-23.5541089,-46.42439829999999,159.0
611,-23.5540003,-46.6281125,250.0
612,-23.553779100000003,-46.48957070000001,256.0
613,-23.5537671,-46.70772150000001,362.0
614,-23.553051,-46.6561628,181.0
615,-23.5529706,-46.627598600000006,364.0
616,-23.5527902,-46.6113329,190.0
617,-23.55266,-46.636631,180.0
618,-23.5524145,-46.6470573,150.0
619,-23.5523718,-46.6369508,88.0
620,-23.5523344,-46.6097831,91.0
621,-23.5522476,-46.6217462,88.0
622,-23.5520792,-46.5985942,629.0
623,-23.552072,-46.5769369,884.0
624,-23.55202430000001,-46.5777714,1039.0
625,-23.5519604,-46.5261539,159.0
626,-23.5519499,-46.5779375,1947.0
627,-23.551488,-46.6000948,273.0
628,-23.5514031,-46.6469633,102.0
629,-23.5510883,-46.578305,91.0
630,-23.5510881,-46.7403109,169.0
631,-23.5507824,-46.5996521,263.0
632,-23.55075110000001,-46.6418465,166.0
633,-23.550572100000004,-46.64804119999999,78.0
634,-23.5505413,-46.6448026,254.0
635,-23.5505283,-46.6009579,182.0
636,-23.5505199,-46.63330939999999,6620.701492537313
637,-23.550503,-46.646139,180.0
638,-23.5505027,-46.644406,254.0
639,-23.5504512,-46.5354164,65.0
640,-23.5504292,-46.6381386,5078.032258064516
641,-23.5502757,-46.6393536,789.0
642,-23.5502562,-46.6380339,594.0
643,-23.5502516,-46.5232584,555.0
644,-23.5501844,-46.6365717,1391.0
645,-23.5501211,-46.40727829999999,132.0
646,-23.5500438,-46.63090510000001,153.0
647,-23.5500133,-46.60135229999999,511.0
648,-23.5499685,-46.6387338,498.0
649,-23.549848,-46.6368084,254.0
650,-23.54980560000001,-46.6304873,448.0
651,-23.5497557,-46.52471370000001,91.0
652,-23.5496615,-46.63093350000001,450.0
653,-23.5493106,-46.6381453,147.0
654,-23.5492334,-46.6442819,581.0
655,-23.5492156,-46.64075689999999,5595.0
656,-23.5488495,-46.6385844,1809.0
657,-23.54883,-46.63872,62.88059701492536
658,-23.5487082,-46.6386923,162.0
659,-23.5486134,-46.6386247,2892.0
660,-23.5484885,-46.63911820000001,167.0
661,-23.5484316,-46.64296909999999,1029.0
662,-23.5483872,-46.6432919,60.0
663,-23.54837160000001,-46.7331203,832.0
664,-23.5481286,-46.602582700000006,156.0
665,-23.5480634,-46.5261307,1906.8709677419356
666,-23.5479302,-46.6027783,428.0
667,-23.5479106,-46.6500531,288.0
668,-23.5478432,-46.6388302,725.0
669,-23.5477194,-46.56045870000001,582.0
670,-23.5476707,-46.6023316,4401.419354838709
671,-23.5476484,-46.5790292,423.0
672,-23.5475884,-46.63804920000001,1030.0
673,-23.5475738,-46.63803220000001,180.0
674,-23.5475157,-46.6366376,186.0
675,-23.5474777,-46.63684980000001,272.0
676,-23.5472784,-46.7345444,884.0
677,-23.5472403,-46.6003592,379.0
678,-23.5471315,-46.6371466,806.0
679,-23.5471214,-46.5413325,920.0
680,-23.5469,-46.63767,2083.0
681,-23.5467879,-46.6504004,77.0
682,-23.5466888,-46.734392,715.5806451612902
683,-23.54649980000001,-46.52856060000001,466.0
684,-23.5462912,-46.71317639999999,673.0
685,-23.546205,-46.644679,435.0
686,-23.545822,-46.7137542,803.0
687,-23.5457827,-46.720578,616.0
688,-23.5456891,-46.7343506,422.0
689,-23.5451508,-46.5944562,84.0
690,-23.5451338,-46.5943735,363.0
691,-23.5450933,-46.6367485,967.0
692,-23.5450479,-46.5957198,609.0
693,-23.5449286,-46.6359339,895.0
694,-23.5448387,-46.7327217,1549.0
695,-23.5448374,-46.6263162,1803.0
696,-23.5448219,-46.6737449,168.0
697,-23.5447737,-46.6471504,170.0
698,-23.5446667,-46.58088789999999,89.0
699,-23.544648100000003,-46.6056811,259.0
700,-23.5446106,-46.5300945,437.0
701,-23.5442895,-46.5699637,547.0
702,-23.5442834,-46.5926346,943.0
703,-23.5442197,-46.73038469999999,77.0
704,-23.5442054,-46.46051569999999,520.0
705,-23.54418900000001,-46.5798037,411.0
706,-23.5441466,-46.53109320000001,2903.0
707,-23.5440896,-46.56931489999999,246.0
708,-23.5440885,-46.589842,198.0
709,-23.5438989,-46.6327976,293.0
710,-23.5438681,-46.6455288,1706.0
711,-23.5437317,-46.4831817,61.0
712,-23.5436382,-46.7331109,125.70149253731343
713,-23.5435798,-46.4719656,180.0
714,-23.5433434,-46.4625835,423.0
715,-23.5433336,-46.64550429999999,990.0
716,-23.5432531,-46.64141799999999,349.0
717,-23.5431983,-46.587157,2863.2089552238804
718,-23.5430818,-46.6464948,160.0
719,-23.5430627,-46.613782,79.0
720,-23.54295410000001,-46.48214779999999,683.0
721,-23.5427421,-46.4802221,178.0
722,-23.5427074,-46.4623215,184.0
723,-23.5427039,-46.6268799,1727.0
724,-23.5426083,-46.6290212,84.0
725,-23.5425427,-46.637882,349.0
726,-23.5424701,-46.6379291,978.0
727,-23.5421726,-46.41099439999999,660.0
728,-23.5421568,-46.6150849,738.0
729,-23.5421391,-46.6354864,183.0
730,-23.5421158,-46.61499620000001,446.0
731,-23.5421063,-46.6275041,256.0
732,-23.5420639,-46.5353311,699.0
733,-23.5420534,-46.64260789999999,429.0
734,-23.541986,-46.5802565,184.0
735,-23.5419823,-46.63221470000001,270.0
736,-23.5419294,-46.4825385,248.0
737,-23.5419119,-46.4830092,83.19354838709677
738,-23.5418578,-46.4579575,162.0
739,-23.5418577,-46.41282289999999,93.0
740,-23.5418503,-46.4820429,162.0
741,-23.541847600000004,-46.6147544,591.0
742,-23.5417577,-46.6478138,87.0
743,-23.541667,-46.4599308,156.0
744,-23.5414492,-46.647657,398.0
745,-23.5414483,-46.5351209,831.0
746,-23.5413682,-46.613568,182.0
747,-23.5413588,-46.48408269999999,1292.0
748,-23.5413216,-46.5449017,267.0
749,-23.5413119,-46.6269519,153.0
750,-23.5413019,-46.48414289999999,88.0
751,-23.5413011,-46.6284717,2772.0
752,-23.5411942,-46.457275,1294.0
753,-23.5411767,-46.4592258,2352.0
754,-23.5411766,-46.6445229,82.0
755,-23.54110750000001,-46.4564027,137.0
756,-23.5411048,-46.6388798,1235.0
757,-23.5410579,-46.6393203,537.0
758,-23.5410307,-46.63932310000001,75.0
759,-23.5409715,-46.4494444,8190.483870967742
760,-23.5409439,-46.4841729,89.0
761,-23.5409218,-46.63946379999999,1004.0
762,-23.5409194,-46.741393,265.0
763,-23.5408743,-46.6437561,342.0
764,-23.5408564,-46.48244570000001,248.0
765,-23.5408404,-46.639432,2039.0
766,-23.5408057,-46.64331809999999,101.0
767,-23.5407982,-46.7289,706.0
768,-23.540768300000003,-46.6436392,447.0
769,-23.5406471,-46.4164649,178.0
770,-23.5406399,-46.6129659,1366.0
771,-23.540595,-46.63948449999999,2450.0
772,-23.5405845,-46.4706416,2500.0
773,-23.5404303,-46.449727,2520.0
774,-23.5404284,-46.6295011,3921.4626865671644
775,-23.5403599,-46.72940759999999,170.0
776,-23.5403315,-46.6122599,1224.0
777,-23.5402935,-46.6398243,82.0
778,-23.5401177,-46.7329196,392.0
779,-23.5400925,-46.61158589999999,4952.0
780,-23.5400869,-46.61203870000001,136.0
781,-23.540069,-46.62801200000001,160.0
782,-23.540056,-46.5423531,1324.0
783,-23.5400269,-46.6114506,156.0
784,-23.5399929,-46.48518,265.0
785,-23.5399147,-46.63072529999999,612.0
786,-23.5397546,-46.48566810000001,178.0
787,-23.5397517,-46.610389700000006,495.0
788,-23.5397041,-46.45773060000001,178.0
789,-23.5396697,-46.4839086,183.0
790,-23.5396645,-46.63407520000001,1627.2089552238806
791,-23.5396512,-46.6304873,83.0
792,-23.5396295,-46.6272802,975.0
793,-23.5395816,-46.632063,448.0
794,-23.5395364,-46.630999,84.0
795,-23.539535600000004,-46.48359929999999,185.0
796,-23.5395304,-46.4858263,2632.0
797,-23.5395264,-46.4855629,314.1044776119403
798,-23.5395064,-46.62912120000001,84.0
799,-23.5394704,-46.48372929999999,341.0
800,-23.53940230000001,-46.4838151,73.0
801,-23.5393867,-46.6328914,6891.0
802,-23.539384,-46.6350407,390.0
803,-23.5392576,-46.62776229999999,89.0
804,-23.539254100000004,-46.62754899999999,1025.0
805,-23.539231,-46.4828134,2067.0
806,-23.539224,-46.627824,524.0
807,-23.539152800000004,-46.4818311,367.0
808,-23.5391505,-46.5425747,178.0
809,-23.5391315,-46.7279626,58.0
810,-23.5390303,-46.4583174,288.0
811,-23.5389866,-46.6456719,178.0
812,-23.5388648,-46.64058170000001,260.0
813,-23.5388384,-46.5678866,89.0
814,-23.5388262,-46.6288375,75.0
815,-23.5386447,-46.6041838,901.0
816,-23.5385076,-46.6027034,124.0
817,-23.5384697,-46.6500228,261.0
818,-23.538453,-46.6906253,91.0
819,-23.5384476,-46.6022489,83.0
820,-23.5383857,-46.456114,89.0
821,-23.5383793,-46.6272903,75.0
822,-23.5383429,-46.46129420000001,182.0
823,-23.538294600000004,-46.59908950000001,434.0
824,-23.5382607,-46.60137279999999,264.0
825,-23.5381842,-46.59920040000001,394.0
826,-23.538148,-46.63312970000001,328.0
827,-23.5380499,-46.5989774,9291.41791044776
828,-23.5380002,-46.5993588,448.0
829,-23.5379183,-46.4777201,219.0
830,-23.5379004,-46.5496566,309.0
831,-23.5378848,-46.6347126,267.0
832,-23.5378738,-46.617678700000006,400.0
833,-23.5378736,-46.6490359,79.0
834,-23.5378617,-46.6345956,246.0
835,-23.5378581,-46.6338933,1300.0
836,-23.5378537,-46.4560667,513.0
837,-23.5378316,-46.64425620000001,605.0
838,-23.5378117,-46.6162246,775.0
839,-23.5377001,-46.4867092,254.0
840,-23.5376794,-46.64872769999999,263.0
841,-23.53761230000001,-46.4559815,451.0
842,-23.5375715,-46.64175119999999,607.0
843,-23.5375211,-46.4866426,178.0
844,-23.5374724,-46.4581266,117.0
845,-23.5374692,-46.45828770000001,931.0
846,-23.5374478,-46.4547463,69.0
847,-23.5373637,-46.6333589,394.0
848,-23.537307100000003,-46.4867244,5572.0
849,-23.5372818,-46.4570324,1819.0
850,-23.5372436,-46.45792549999999,410.0
851,-23.5372298,-46.6281626,188.0
852,-23.53712860000001,-46.63421829999999,959.0
853,-23.5370995,-46.6432256,522.0
854,-23.5370431,-46.4575624,162.0
855,-23.5370378,-46.6498892,174.0
856,-23.537005,-46.4575904,88.0
857,-23.53690880000001,-46.5506134,180.22388059701493
858,-23.5368704,-46.55825220000001,1685.0
859,-23.5368667,-46.5932119,1021.0
860,-23.5368272,-46.5885956,434.0
861,-23.5368234,-46.456554,70.0
862,-23.5366413,-46.4484711,166.0
863,-23.536623100000003,-46.6340698,177.0
864,-23.5366178,-46.58894160000001,270.0
865,-23.5364731,-46.62647570000001,327.0
866,-23.5364533,-46.6264669,391.0
867,-23.5364131,-46.64242609999999,11952.774193548386
868,-23.5363974,-46.45760869999999,351.0
869,-23.5363828,-46.6339244,186.0
870,-23.5363575,-46.4562165,178.0
871,-23.5362918,-46.6433711,91.0
872,-23.5362269,-46.5522662,178.0
873,-23.536103,-46.7496764,236.0
874,-23.536091100000004,-46.51896989999999,2025.0
875,-23.5360774,-46.6516595,571.0
876,-23.5360498,-46.5514434,1892.225806451613
877,-23.5360388,-46.4146528,263.0
878,-23.5360384,-46.6519105,177.0
879,-23.5360337,-46.58579779999999,166.0
880,-23.53602780000001,-46.65162180000001,786.0
881,-23.5360112,-46.6429188,1268.8064516129034
882,-23.5360024,-46.6339584,3665.0
883,-23.5359918,-46.4884024,379.0
884,-23.5359677,-46.7262717,673.0
885,-23.5359313,-46.49085909999999,439.5483870967742
886,-23.5358864,-46.4560867,2251.0
887,-23.5358791,-46.5525668,365.0
888,-23.5358078,-46.55218,185.0
889,-23.5357787,-46.6339497,537.0
890,-23.5357093,-46.6254934,283.0
891,-23.5356124,-46.65840009999999,70.0
892,-23.5355282,-46.4939303,188.0
893,-23.5353852,-46.6511929,439.0
894,-23.5353266,-46.6538783,82.0
895,-23.53525,-46.5826757,889.0
896,-23.5350814,-46.56940720000001,120.20895522388061
897,-23.5350703,-46.65309440000001,1189.0
898,-23.534988,-46.454497,185.0
899,-23.53498,-46.6261127,184.0
900,-23.534941,-46.7357722,1209.0
901,-23.5349228,-46.57884,250.0
902,-23.5349037,-46.6545554,562.0
903,-23.5349027,-46.6465075,390.0
904,-23.5347613,-46.6256236,84.0
905,-23.5346733,-46.6546931,632.0
906,-23.534573,-46.65481519999999,4736.0
907,-23.5343594,-46.6641583,379.0
908,-23.53409580000001,-46.62476289999999,2372.0
909,-23.5340888,-46.65535089999999,1794.0
910,-23.5338743,-46.688394,155.0
911,-23.5338705,-46.7493269,491.0
912,-23.5338665,-46.7493309,282.0
913,-23.5337827,-46.6266982,91.0
914,-23.5336042,-46.7439006,531.0
915,-23.5334552,-46.5402114,817.0322580645161
916,-23.5332428,-46.453903,260.0
917,-23.5332233,-46.65677669999999,979.0
918,-23.533187,-46.520499,178.0
919,-23.5330652,-46.6436189,426.0
920,-23.5326565,-46.65776289999999,87.0
921,-23.5325864,-46.45055120000001,1038.0
922,-23.5323749,-46.44367800000001,185.0
923,-23.5323166,-46.6326799,155.0
924,-23.532303,-46.5289009,608.0
925,-23.5322987,-46.5291614,188.0
926,-23.5322419,-46.52894089999999,1063.0
927,-23.5321259,-46.6602978,263.0
928,-23.531962600000004,-46.6598735,71.0
929,-23.53196010000001,-46.6262138,142.0
930,-23.53195310000001,-46.5261653,249.5806451612903
931,-23.531798,-46.52483460000001,183.0
932,-23.531609600000003,-46.7325696,85.0
933,-23.5315072,-46.50150429999999,188.0
934,-23.5313449,-46.5192657,183.0
935,-23.53092980000001,-46.4739201,83.0
936,-23.530649,-46.59294600000001,373.0
937,-23.5301024,-46.528896,91.0
938,-23.5300038,-46.677148,1879.0
939,-23.5300027,-46.6769343,257.0
940,-23.5299203,-46.6420086,171.0
941,-23.5299169,-46.6672647,371.0
942,-23.529881,-46.58823599999999,346.0
943,-23.5297721,-46.67702620000001,173.0
944,-23.529634,-46.6773859,363.0
945,-23.5296296,-46.4476203,1589.0
946,-23.5296218,-46.6779003,974.0
947,-23.529598,-46.6315546,176.0
948,-23.5294604,-46.6788836,170.0
949,-23.5294095,-46.677805600000006,1030.0
950,-23.5294021,-46.6780985,275.0
951,-23.5293701,-46.6781819,582.0
952,-23.5293222,-46.73850820000001,88.0
953,-23.5292957,-46.740747,1455.0
954,-23.5292394,-46.73712070000001,447.0
955,-23.5292211,-46.5603888,157.0
956,-23.529197600000003,-46.67646630000001,169.0
957,-23.5291759,-46.6253343,1239.0
958,-23.5289312,-46.5152762,183.0
959,-23.5287445,-46.6244208,6330.0
960,-23.5286098,-46.6610124,70.0
961,-23.5285662,-46.4894712,333.0
962,-23.528455800000003,-46.67958460000001,181.0
963,-23.52837,-46.59752,77.0
964,-23.5283516,-46.670834,379.0
965,-23.5282312,-46.5850775,781.0
966,-23.5281718,-46.6619021,129.0
967,-23.5281634,-46.59762429999999,175.0
968,-23.5281519,-46.6248997,73.0
969,-23.5280425,-46.66796970000001,169.0
970,-23.5278403,-46.6710253,304.0
971,-23.5278147,-46.69114159999999,182.0
972,-23.527712,-46.446177,313.8059701492537
973,-23.5276302,-46.50953610000001,417.0
974,-23.5275772,-46.68306870000001,854.8805970149253
975,-23.5275631,-46.6648039,424.0
976,-23.5274019,-46.555048600000006,352.0
977,-23.5273812,-46.6256213,3718.0
978,-23.5273809,-46.62558,95.0
979,-23.5272478,-46.7402334,1151.0
980,-23.52723,-46.5836818,267.0
981,-23.5271632,-46.6247283,2807.0
982,-23.527098100000003,-46.6353124,173.0
983,-23.5270904,-46.68438949999999,353.0
984,-23.5270699,-46.7409553,573.0
985,-23.5270355,-46.59473320000001,1299.0
986,-23.5270313,-46.6258718,482.0
987,-23.5269465,-46.6824744,85.0
988,-23.526942,-46.6840671,2913.65671641791
989,-23.5269121,-46.6257873,272.0
990,-23.52686,-46.4323,358.0
991,-23.5268198,-46.6350653,181.0
992,-23.5268157,-46.5748378,276.0
993,-23.5268029,-46.5757735,178.0
994,-23.52674660000001,-46.6297331,162.0
995,-23.5267385,-46.67300849999999,135.0
996,-23.5265774,-46.62512950000001,193.0
997,-23.52655,-46.680817,156.0
998,-23.526435100000004,-46.6253597,190.0
999,-23.5263663,-46.68502609999999,180.0
1000,-23.5263631,-46.6822994,2692.0
1001,-23.5263017,-46.4324282,1326.0
1002,-23.5261506,-46.6854196,67.0
1003,-23.5260752,-46.67210499999999,692.0
1004,-23.5259521,-46.62560070000001,91.0
1005,-23.5258611,-46.6294411,415.0
1006,-23.5258213,-46.7021734,500.0
1007,-23.5257366,-46.70306129999999,64.0
1008,-23.5255534,-46.6824616,273.0
1009,-23.5254955,-46.60152460000001,632.0
1010,-23.5254642,-46.5622123,577.0
1011,-23.5254628,-46.6816795,762.8805970149253
1012,-23.5254597,-46.6253176,1619.0
1013,-23.52545180000001,-46.5564904,167.0
1014,-23.5253632,-46.5759315,351.0
1015,-23.5252117,-46.7103639,152.0
1016,-23.5251783,-46.6361243,91.0
1017,-23.52517730000001,-46.71018369999999,73.0
1018,-23.5251203,-46.4337033,1167.0
1019,-23.5250248,-46.5570546,375.0
1020,-23.5249548,-46.6369973,638.0
1021,-23.5248343,-46.7021396,904.4626865671642
1022,-23.524796,-46.7030237,64.0
1023,-23.524779100000003,-46.63076760000001,978.7910447761195
1024,-23.52473710000001,-46.6290155,256.0
1025,-23.5243586,-46.4276863,69.0
1026,-23.524283,-46.70237720000001,156.0
1027,-23.524272600000003,-46.6402037,272.0
1028,-23.5242255,-46.7423395,441.0
1029,-23.5240806,-46.7434674,410.0
1030,-23.5240737,-46.62877599999999,156.0
1031,-23.5240625,-46.6001865,461.0
1032,-23.52393,-46.69083240000001,278.0
1033,-23.5238896,-46.6303538,162.0
1034,-23.5237633,-46.4750698,70.0
1035,-23.5235398,-46.63048679999999,936.0
1036,-23.5235252,-46.6301655,960.0
1037,-23.5233965,-46.6129802,682.0
1038,-23.5231852,-46.6285706,960.0
1039,-23.5231498,-46.6528672,512.0
1040,-23.5231466,-46.625245,313.8059701492537
1041,-23.523097600000003,-46.558299700000006,324.22388059701495
1042,-23.5230904,-46.6554938,447.0
1043,-23.5230634,-46.6632997,176.0
1044,-23.5229832,-46.6947011,295.0
1045,-23.5229582,-46.6505277,231.0
1046,-23.5228991,-46.63029849999999,645.7014925373135
1047,-23.5227794,-46.6645563,188.0
1048,-23.5227182,-46.70186349999999,150.0
1049,-23.5225865,-46.6302477,942.0
1050,-23.5225201,-46.4754154,6540.0
1051,-23.5224974,-46.6108419,1302.0
1052,-23.5224357,-46.64926810000001,188.0
1053,-23.5222918,-46.6279181,5544.462686567164
1054,-23.52229010000001,-46.6612742,1978.0
1055,-23.5222478,-46.62624870000001,636.0
1056,-23.5221668,-46.6615044,80.0
1057,-23.5221609,-46.6087139,4489.0
1058,-23.5221478,-46.663137,707.0
1059,-23.522032,-46.655503,657.0
1060,-23.5219881,-46.4557093,91.0
1061,-23.5218429,-46.7011174,454.0
1062,-23.5218332,-46.64157429999999,182.0
1063,-23.5218155,-46.6479229,188.0
1064,-23.5216144,-46.66750039999999,1144.0
1065,-23.521595,-46.6384886,565.0
1066,-23.5215432,-46.6669695,626.0
1067,-23.5215365,-46.6660485,176.0
1068,-23.5213704,-46.6682634,2137.0
1069,-23.5213676,-46.6403982,603.0
1070,-23.5213463,-46.6300105,75.0
1071,-23.5211082,-46.6673455,85.0
1072,-23.5210238,-46.4752395,172.0
1073,-23.5208602,-46.61313320000001,1251.0
1074,-23.5208485,-46.6481897,531.0
1075,-23.5208309,-46.7003504,83.0
1076,-23.5208168,-46.65727099999999,349.0
1077,-23.5207994,-46.6930823,691.0
1078,-23.5207813,-46.7005023,189.7014925373134
1079,-23.5207741,-46.655603,171.0
1080,-23.5207026,-46.6786399,90.0
1081,-23.5206876,-46.70153699999999,393.0
1082,-23.5206812,-46.5568603,76.0
1083,-23.5205151,-46.701867,85.0
1084,-23.5203912,-46.71150129999999,85.0
1085,-23.5203855,-46.7469107,1849.0
1086,-23.5203784,-46.7368139,1876.0322580645163
1087,-23.520377,-46.6614292,149.0
1088,-23.5202557,-46.5682351,155.0
1089,-23.5202331,-46.6671391,236.0
1090,-23.520232,-46.671651,176.0
1091,-23.5202244,-46.6239675,695.0
1092,-23.5200674,-46.62154500000001,166.0
1093,-23.5200443,-46.7017787,165.0
1094,-23.5199979,-46.6133873,450.0
1095,-23.51993,-46.63014,431.0
1096,-23.51985,-46.6367498,531.0
1097,-23.5198351,-46.6744444,603.0
1098,-23.5198336,-46.6744407,176.0
1099,-23.5198208,-46.7476843,3357.0
1100,-23.5196388,-46.6750892,380.0
1101,-23.5195747,-46.6741744,12661.509388541166
1102,-23.5195548,-46.6298885,847.820895522388
1103,-23.519491100000003,-46.6741453,177.0
1104,-23.5194673,-46.65257829999999,89.0
1105,-23.5193892,-46.74925800000001,766.0
1106,-23.5193621,-46.6251826,7058.79104477612
1107,-23.519319,-46.7011048,83.0
1108,-23.5192389,-46.6770941,342.0
1109,-23.5191501,-46.6751177,182.0
1110,-23.5191146,-46.6532224,1343.0
1111,-23.5190797,-46.6762764,282.0
1112,-23.5189848,-46.5124106,90.0
1113,-23.5189772,-46.6158881,2196.0
1114,-23.5189326,-46.6547652,431.0
1115,-23.5188743,-46.67451629999999,362.0
1116,-23.5188564,-46.6441499,1078.0
1117,-23.5188247,-46.6754336,90.0
1118,-23.5187387,-46.616347,571.0
1119,-23.51872950000001,-46.674085700000006,74.0
1120,-23.518635,-46.6758825,2146.0
1121,-23.5184954,-46.6794319,180.0
1122,-23.518459,-46.62415499999999,588.0
1123,-23.5184529,-46.6479558,267.0
1124,-23.5184507,-46.61557029999999,360.0
1125,-23.5183856,-46.6300867,166.0
1126,-23.5183607,-46.6483146,167.0
1127,-23.5183573,-46.6156162,182.0
1128,-23.518306,-46.62778400000001,657.0
1129,-23.5179567,-46.6515167,582.0
1130,-23.5179509,-46.64946399999999,48512.32258064517
1131,-23.5179007,-46.7075307,183.0
1132,-23.51774,-46.65411,188.6417910447761
1133,-23.5177018,-46.63060820000001,72.0
1134,-23.5176778,-46.6794271,665.7014925373135
1135,-23.5173581,-46.6194319,2173.0
1136,-23.5171724,-46.6708966,269.0
1137,-23.5170718,-46.7256931,175.0
1138,-23.5169886,-46.6821686,176.0
1139,-23.516982100000003,-46.5162831,155.0
1140,-23.5166733,-46.6387399,273.0
1141,-23.516631600000004,-46.6597434,1030.0
1142,-23.5166142,-46.6670404,764.0
1143,-23.5165521,-46.728456,180.0
1144,-23.5163514,-46.66198920000001,184.0
1145,-23.51635060000001,-46.7256629,89.0
1146,-23.5163068,-46.6136394,91.0
1147,-23.5162451,-46.662836,319.0
1148,-23.516215,-46.47661,256.0
1149,-23.516202300000003,-46.62423279999999,2510.0
1150,-23.51618,-46.66682,2120.6417910447763
1151,-23.5161178,-46.6961083,333.0
1152,-23.5157908,-46.5544015,344.0
1153,-23.5157781,-46.650173,713.0
1154,-23.515773,-46.5948223,195.0
1155,-23.5157253,-46.6404566,142.0
1156,-23.515672,-46.67377800000001,339.0
1157,-23.5155073,-46.6496018,244.0
1158,-23.5154723,-46.6716376,2447.0
1159,-23.5154721,-46.6883555,188.0
1160,-23.5154603,-46.61334220000001,822.0
1161,-23.5154193,-46.696145,1010.0
1162,-23.515404,-46.6965773,372.0
1163,-23.5154038,-46.724085,470.0
1164,-23.515346,-46.620318,85.0
1165,-23.5153199,-46.64422709999999,879.0
1166,-23.5153037,-46.6667883,1094.0
1167,-23.5152223,-46.6667075,134.0
1168,-23.5152016,-46.4763893,68.0
1169,-23.5151408,-46.68499449999999,282.0
1170,-23.5151388,-46.6412765,457.0
1171,-23.5150817,-46.5200828,183.0
1172,-23.5150548,-46.6911891,774.0
1173,-23.5150019,-46.660809,393.0
1174,-23.5148784,-46.4558687,77.0
1175,-23.5148574,-46.6984989,264.0
1176,-23.5148306,-46.53032049999999,166.0
1177,-23.51473660000001,-46.6998889,175.0
1178,-23.514713,-46.5198876,1486.0
1179,-23.5146598,-46.7246391,240.0
1180,-23.5146443,-46.52890170000001,260.0
1181,-23.5146301,-46.63048010000001,358.0
1182,-23.5144809,-46.6666005,592.0
1183,-23.5144782,-46.65128379999999,89.0
1184,-23.5144706,-46.6374001,170.0
1185,-23.5143783,-46.6368984,90.0
1186,-23.5143458,-46.4439807,171.0
1187,-23.5142626,-46.65375039999999,376.0
1188,-23.5140237,-46.62484329999999,362.0
1189,-23.5140221,-46.6449009,188.6417910447761
1190,-23.514005800000003,-46.6108903,160.0
1191,-23.5139854,-46.4566487,92.0
1192,-23.5139836,-46.5222637,376.7462686567164
1193,-23.5139769,-46.5780901,474.0
1194,-23.5139138,-46.6239616,85.7741935483871
1195,-23.5138992,-46.6263537,69.0
1196,-23.5138458,-46.6240427,228.0
1197,-23.51377380000001,-46.6534336,669.8059701492537
1198,-23.5137188,-46.6504947,253.0
1199,-23.5136549,-46.67154910000001,188.0
1200,-23.5134939,-46.5184131,542.0
1201,-23.5133866,-46.7033226,625.0
1202,-23.5133355,-46.6674409,604.0
1203,-23.513214399999995,-46.6249453,84.0
1204,-23.5130799,-46.6103914,190.0
1205,-23.5129232,-46.6528809,80.0
1206,-23.5129139,-46.6932581,363.0
1207,-23.512902,-46.51834299999999,183.0
1208,-23.5128219,-46.6926232,248.0
1209,-23.5127517,-46.51837829999999,313.0
1210,-23.5127478,-46.666461700000006,1134.0
1211,-23.5125185,-46.6633507,178.0
1212,-23.5124847,-46.61119710000001,2094.0
1213,-23.5124758,-46.6898894,92.0
1214,-23.5124643,-46.67506160000001,572.0
1215,-23.5118839,-46.7042604,379.0
1216,-23.5118579,-46.6105641,182.0
1217,-23.5118083,-46.6244615,367.0
1218,-23.511612,-46.62398959999999,1076.0
1219,-23.5116035,-46.6105105,260.0
1220,-23.5115762,-46.6249014,3154.0
1221,-23.5115727,-46.70548529999999,172.0
1222,-23.5115481,-46.6100596,380.0
1223,-23.5115239,-46.6100423,1986.0
1224,-23.5114009,-46.62489679999999,276.0
1225,-23.511353,-46.6102873,174.0
1226,-23.5111321,-46.59976320000001,537.0
1227,-23.5108939,-46.7275323,131.0
1228,-23.5107179,-46.687375,94.0
1229,-23.5106876,-46.704893,180.0
1230,-23.5105156,-46.6943604,82.0
1231,-23.5103974,-46.609054,2361.0
1232,-23.5103896,-46.7031168,88.0
1233,-23.5103051,-46.6937635,2105.0
1234,-23.5100468,-46.59482020000001,155.0
1235,-23.510013600000004,-46.59636150000001,95.0
1236,-23.5099812,-46.6182466,875.0
1237,-23.509816600000004,-46.5990251,90.0
1238,-23.5096545,-46.7045271,830.0
1239,-23.5096266,-46.68056170000001,931.0
1240,-23.5095435,-46.68984,425.0
1241,-23.5093563,-46.66569519999999,502.0
1242,-23.509208800000003,-46.5556419,91.0
1243,-23.5091333,-46.6627928,251.16417910447763
1244,-23.5091074,-46.6896838,926.0
1245,-23.5090599,-46.6803603,536.0
1246,-23.5089951,-46.6111036,469.0
1247,-23.5089922,-46.7175444,355.0
1248,-23.508852800000003,-46.6159755,679.0
1249,-23.5088219,-46.59964189999999,190.0
1250,-23.5088214,-46.6661558,251.0
1251,-23.5088034,-46.5995344,87.0
1252,-23.5087896,-46.7056216,1085.0
1253,-23.5087688,-46.68633579999999,1384.0
1254,-23.508741600000004,-46.60020189999999,1722.0
1255,-23.50866730000001,-46.5552222,1281.0
1256,-23.5086388,-46.6945875,169.0
1257,-23.5085103,-46.6158205,915.0
1258,-23.5084139,-46.6240031,95.0
1259,-23.5083144,-46.7141659,567.0
1260,-23.508185,-46.651224,91.0
1261,-23.5080754,-46.6125401,186.0
1262,-23.507997600000003,-46.7339294,64.0
1263,-23.5079543,-46.6866666,275.0
1264,-23.5078804,-46.74770529999999,241.0
1265,-23.5076954,-46.7094505,256.0
1266,-23.5074281,-46.6829172,751.0
1267,-23.5073715,-46.68017649999999,578.0
1268,-23.5073626,-46.7057618,639.0
1269,-23.5073552,-46.7074648,431.0
1270,-23.5073485,-46.7179847,176.0
1271,-23.5072503,-46.67060120000001,173.0
1272,-23.507044,-46.477838,245.0
1273,-23.5070407,-46.7155214,159.0
1274,-23.5068633,-46.68830579999999,173.0
1275,-23.506857,-46.6773401,269.0
1276,-23.506777300000003,-46.6024208,84.0
1277,-23.5067077,-46.6997051,372.0
1278,-23.506334,-46.6262694,182.0
1279,-23.5062097,-46.5420451,183.0
1280,-23.5060815,-46.60251,349.0
1281,-23.5059642,-46.67588079999999,87.0
1282,-23.5058508,-46.4567463,92.0
1283,-23.50584760000001,-46.3769404,152.0
1284,-23.5057052,-46.6805071,415.0
1285,-23.5053809,-46.6051545,464.0
1286,-23.5053224,-46.4570455,586.0
1287,-23.5052068,-46.5616485,417.0
1288,-23.5051499,-46.5390843,227.0
1289,-23.5050052,-46.680571,169.0
1290,-23.5046955,-46.6804069,510.0
1291,-23.5045312,-46.6208513,6255.4838709677415
1292,-23.5043801,-46.6862746,175.0
1293,-23.5043371,-46.6211461,1758.0
1294,-23.5043045,-46.6880606,561.0
1295,-23.5041705,-46.62466970000001,1827.0
1296,-23.5041645,-46.62041729999999,1027.0
1297,-23.5041268,-46.6826885,624.0
1298,-23.5041091,-46.6726284,249.0
1299,-23.504108,-46.6822928,574.0
1300,-23.5040888,-46.6998718,398.0
1301,-23.5039307,-46.6224815,186.0
1302,-23.5039206,-46.6846383,8603.641791044776
1303,-23.5038989,-46.6847107,335.0
1304,-23.5038338,-46.6854665,903.7014925373135
1305,-23.5038223,-46.68456610000001,89.0
1306,-23.5037066,-46.6201777,713.0
1307,-23.5035404,-46.6846004,90.0
1308,-23.5034713,-46.6847675,2199.0
1309,-23.5034437,-46.6845502,133.0
1310,-23.5034198,-46.6845614,256.0
1311,-23.5032685,-46.7190677,335.0
1312,-23.50318110000001,-46.6847494,88.0
1313,-23.5030347,-46.6845518,75.0
1314,-23.5027829,-46.6844431,178.0
1315,-23.5027572,-46.630545,65.0
1316,-23.50270260000001,-46.7476636,431.0
1317,-23.5026122,-46.7109727,83.0
1318,-23.5025826,-46.6150186,747.0
1319,-23.5024925,-46.6152164,529.0
1320,-23.5024145,-46.6153375,162.0
1321,-23.5023683,-46.630457,2032.0
1322,-23.5021507,-46.6860931,125.70149253731343
1323,-23.501958,-46.7066027,557.0
1324,-23.5018224,-46.68683460000001,172.0
1325,-23.5017249,-46.68416129999999,135.0
1326,-23.501571,-46.6942421,90.0
1327,-23.5010073,-46.6141119,91.0
1328,-23.5008249,-46.6155813,275.0
1329,-23.500216,-46.684101,256.0
1330,-23.5000172,-46.528045,314.1044776119403
1331,-23.4990817,-46.7248231,284.0
1332,-23.4990643,-46.6047875,1206.0
1333,-23.4987425,-46.6123622,89.0
1334,-23.4986124,-46.7070624,101.0
1335,-23.4983286,-46.4569058,145.0
1336,-23.498233,-46.706861,183.0
1337,-23.4964599,-46.4065166,615.0
1338,-23.4956776,-46.6806325,172.0
1339,-23.4953168,-46.6613718,183.0
1340,-23.4949174,-46.4114416,89.0
1341,-23.4949174,-46.4056838,615.0
1342,-23.4942799,-46.73666679999999,379.0
1343,-23.4941577,-46.41998820000001,264.0
1344,-23.4940508,-46.61016799999999,176.0
1345,-23.4937064,-46.60988,176.0
1346,-23.4934692,-46.7577642,275.0
1347,-23.4929526,-46.4530079,620.0
1348,-23.4924315,-46.4542343,83.0
1349,-23.492143,-46.4528542,627.741935483871
1350,-23.4920959,-46.3952434,153.0
1351,-23.4920164,-46.4332973,89.0
1352,-23.4913385,-46.4059539,161.0
1353,-23.49109,-46.4424031,264.0
1354,-23.4908015,-46.50811760000001,372.0
1355,-23.490541600000004,-46.40770759999999,372.0
1356,-23.4904909,-46.75336739999999,182.0
1357,-23.4899722,-46.71010980000001,241.0
1358,-23.48944310000001,-46.7558084,341.0
1359,-23.4892542,-46.40580070000001,1976.0
1360,-23.4888114,-46.6094526,275.0
1361,-23.4886125,-46.4573184,248.0
1362,-23.487968,-46.3958755,283.0
1363,-23.4879097,-46.3943802,324.0
1364,-23.487193,-46.714830600000006,697.0
1365,-23.4864975,-46.681624600000006,182.0
1366,-23.4851993,-46.45706420000001,85.0
1367,-23.4850698,-46.4353936,353.0
1368,-23.4848058,-46.6800381,81.0
1369,-23.4847753,-46.37787720000001,93.0
1370,-23.4838328,-46.6875014,83.0
1371,-23.48382,-46.49517210000001,172.0
1372,-23.4826367,-46.60979920000001,152.0
1373,-23.4824176,-46.5005015,248.0
1374,-23.481113600000004,-46.6745758,2962.0
1375,-23.480603,-46.6111722,269.0
1376,-23.4785124,-46.6213303,91.0
1377,-23.4762159,-46.6723495,91.0
1378,-23.4743887,-46.72523270000001,566.0
1379,-23.474323,-46.7252928,155.0
1380,-23.4741439,-46.6700315,650.0
1381,-23.4737451,-46.6702276,182.0
1382,-23.4736193,-46.6696933,89.0
1383,-23.4732063,-46.6701245,245.0
1384,-23.4727477,-46.5715718,176.0
1385,-23.4726383,-46.57143920000001,505.0
1386,-23.472586,-46.6695061,513.0
1387,-23.4723203,-46.57162109999999,90.0
1388,-23.4721159,-46.7250866,82.0
1389,-23.471309,-46.694135,270.0
1390,-23.4695562,-46.7241343,176.0
1391,-23.4691698,-46.7242922,174.0
1392,-23.4672805,-46.5945746,412.0
1393,-23.4647577,-46.6855435,166.0
1394,-23.4646452,-46.6522231,2360.0
1395,-23.4632422,-46.6030322,222.0
1396,-23.46275,-46.6031956,182.0
1397,-23.4602278,-46.7214961,244.0
1398,-23.4592525,-46.67454650000001,174.0
1399,-23.4586083,-46.607685,439.0
1400,-23.457949,-46.6154467,86.0
1401,-23.4575732,-46.60251270000001,273.0
1402,-23.4535352,-46.6719109,557.0
1403,-23.4532979,-46.6626584,582.0
1404,-23.4531361,-46.697425,338.0
1405,-23.4460118,-46.5901929,1227.0
1406,-23.4445099,-46.5901083,416.0
1407,-23.4417688,-46.58967970000001,273.0
1408,-23.4369619,-46.7207879,2436.0
1409,-23.43456560000001,-46.7202454,84.0
1410,-23.4315287,-46.5941446,614.0
1411,-23.4308163,-46.7204539,83.0
1412,-23.4304279,-46.7205984,79.0
1413,-23.4303427,-46.7211107,126.0
1414,-23.4301662,-46.7213472,1743.0
1415,-23.429031100000003,-46.72118,681.0
1416,-23.427137100000003,-46.7243753,422.0
1417,-23.4158991,-46.5839822,225.0
1418,-23.409129,-46.7348031,347.0
1419,-23.4072366,-46.73483479999999,459.0
1420,-23.4068591,-46.75017159999999,197.0
1421,-23.4068429,-46.7503193,471.0
1422,-23.40614960000001,-46.7621255,177.0
1423,-23.4060045,-46.7349578,267.0
1424,-23.4058603,-46.76449849999999,54.0
1425,-23.4051744,-46.7530468,178.0
1426,-23.4050516,-46.7531905,638.0
1427,-23.4048175,-46.7533523,926.0
1428,-23.4046872,-46.74996270000001,72.0
1429,-23.404361,-46.7529665,362.0
1430,-23.4042104,-46.7484579,799.0
1431,-23.4038505,-46.7531618,90.0
1432,-23.4016619,-46.7200543,457.0
