,data,periodo,tipo_alagamento,tipo,periodo_inicial,periodo_final,latitude,longitude
0,2018-11-04,De 17:56 a 18:26,1,street_address,17:56 ,18:26,-23.5366183,-46.6339921
1,2018-11-05,De 13:20 a 13:35,1,street_address,13:20 ,13:35,-23.5366183,-46.6339921
2,2018-11-05,De 17:02 a 19:11,1,route,17:02 ,19:11,-23.5396645,-46.6340752
3,2018-11-06,De 06:03 a 07:57,1,intersection,06:03 ,07:57,-23.5399147,-46.63072529999999
4,2018-11-06,De 08:25 a 08:33,1,intersection,08:25 ,08:33,-23.5351748,-46.6370989
5,2018-11-11,De 09:02 a 09:06,1,street_address,09:02 ,09:06,-23.4271371,-46.7243753
6,2018-11-11,De 16:42 a 16:48,0,intersection,16:42 ,16:48,-23.532489,-46.535937
7,2018-11-11,De 16:46 a 16:48,1,intersection,16:46 ,16:48,-23.5322419,-46.52894089999999
8,2018-11-14,De 11:17 a 11:38,1,street_address,11:17 ,11:38,-23.5690382,-46.4479418
9,2018-11-15,De 14:02 a 15:00,1,street_address,14:02 ,15:00,-23.573933,-46.736525
10,2018-11-18,De 23:27 a 23:30,1,intersection,23:27 ,23:30,-23.5974359,-46.6972704
11,2018-11-19,De 01:42 a 02:20,1,route,01:42 ,02:20,-23.5225187,-46.609986
12,2018-11-19,De 08:18 a 09:05,1,transitavel,08:18 ,09:05,-23.5240623,-46.6321516
13,2018-11-19,De 21:06 a 03:13,1,street_address,21:06 ,03:13,-23.5405333,-46.6293921
14,2018-11-19,De 21:20 a 23:58,1,transitavel,21:20 ,23:58,-23.5240623,-46.6321516
15,2018-11-19,De 10:38 a 12:43,1,street_address,10:38 ,12:43,-23.5722281,-46.7049299
16,2018-11-19,De 18:30 a 13:38,1,intersection,18:30 ,13:38,-23.5483716,-46.7331203
17,2018-11-19,De 06:17 a 17:46,1,establishment,06:17 ,17:46,-23.5456891,-46.7343506
18,2018-11-19,De 00:29 a 00:35,1,intersection,00:29 ,00:35,-23.5330347,-46.4511301
19,2018-11-19,De 00:58 a 01:20,1,route,00:58 ,01:20,-23.5325864,-46.4505512
20,2018-11-19,De 08:35 a 13:52,1,establishment,08:35 ,13:52,-23.5193621,-46.6251826
21,2018-11-20,De 11:40 a 14:58,1,intersection,11:40 ,14:58,-23.5628046,-46.67459239999999
22,2018-11-22,De 18:45 a 20:06,0,intersection,18:45 ,20:06,-23.4726383,-46.5714392
23,2018-11-23,De 18:23 a 19:05,1,street_address,18:23 ,19:05,-23.5488882,-46.6385329
24,2018-11-23,De 17:08 a 17:28,0,intersection,17:08 ,17:28,-23.5835626,-46.5751825
25,2018-11-23,De 17:20 a 17:34,1,intersection,17:20 ,17:34,-23.5830026,-46.5733797
26,2018-11-24,De 14:55 a 15:17,1,street_address,14:55 ,15:17,-23.5628168,-46.6743256
27,2018-11-25,De 20:56 a 01:04,1,street_address,20:56 ,01:04,-23.4271371,-46.7243753
28,2018-11-25,De 09:36 a 11:23,1,street_address,09:36 ,11:23,-23.5437928,-46.6327599
29,2018-11-25,De 11:46 a 14:04,1,street_address,11:46 ,14:04,-23.5470971,-46.63674109999999
30,2018-11-29,De 17:51 a 00:00,1,intersection,17:51 ,00:00,-23.5427039,-46.6268799
31,2018-11-29,De 18:16 a 18:26,0,street_address,18:16 ,18:26,-23.5351935,-46.581468
32,2018-11-29,De 18:36 a 19:31,1,street_address,18:36 ,19:31,-23.6065543,-46.5079701
33,2018-11-29,De 16:40 a 16:52,0,intersection,16:40 ,16:52,-23.6638686,-46.6785854
34,2018-11-30,De 21:58 a 23:58,0,intersection,21:58 ,23:58,-23.4726383,-46.5714392
35,2018-11-30,De 23:08 a 09:12,1,route,23:08 ,09:12,-23.5270355,-46.5947332
36,2018-11-30,De 23:24 a 23:57,0,intersection,23:24 ,23:57,-23.4726383,-46.5714392
37,2018-11-30,De 23:18 a 23:48,1,street_address,23:18 ,23:48,-23.5683345,-46.6074947
38,2018-11-30,De 22:37 a 23:40,0,street_address,22:37 ,23:40,-23.5197327,-46.6759048
39,2018-11-30,De 22:47 a 23:40,0,intersection,22:47 ,23:40,-23.5272478,-46.7402334
40,2018-11-30,De 23:25 a 09:13,1,street_address,23:25 ,09:13,-23.520175,-46.5553452
41,2018-11-30,De 23:27 a 09:14,1,establishment,23:27 ,09:14,-23.5199237,-46.6367004
42,2018-11-30,De 23:32 a 09:17,1,establishment,23:32 ,09:17,-23.5153037,-46.6667883
43,2018-11-30,De 23:30 a 06:17,0,intersection,23:30 ,06:17,-23.5550119,-46.5171162
44,2018-11-30,De 23:06 a 23:59,0,street_address,23:06 ,23:59,-23.513651,-46.5183461
45,2018-11-30,De 21:47 a 22:30,0,intersection,21:47 ,22:30,-23.5505232,-46.462323
46,2018-11-30,De 22:08 a 23:54,0,street_address,22:08 ,23:54,-23.5372436,-46.45792549999999
47,2018-11-30,De 22:20 a 02:43,0,street_address,22:20 ,02:43,-23.495693,-46.4060119
48,2018-11-30,De 21:34 a 21:47,1,route,21:34 ,21:47,-23.5179509,-46.64946399999999
49,2018-11-30,De 23:13 a 05:35,1,intersection,23:13 ,05:35,-23.5604515,-46.566093
50,2018-11-30,De 23:43 a 00:15,0,intersection,23:43 ,00:15,-23.5825769,-46.5659963
51,2018-11-30,De 23:43 a 16:57,1,intersection,23:43 ,16:57,-23.5825769,-46.5659963
52,2018-11-30,De 22:56 a 23:48,1,route,22:56 ,23:48,-23.7411976,-46.7058186
53,2018-11-30,De 22:48 a 23:38,0,intersection,22:48 ,23:38,-23.620556,-46.6277791
54,2018-11-30,De 23:11 a 23:37,0,intersection,23:11 ,23:37,-23.6253758,-46.6287942
55,2018-12-01,De 00:59 a 09:20,0,establishment,00:59 ,09:20,-23.5153037,-46.6667883
56,2018-12-01,De 01:58 a 09:39,1,transitavel,01:58 ,09:39,-23.5127308,-46.65376850000001
57,2018-12-01,De 03:39 a 09:42,0,intransitavel,03:39 ,09:42,-23.5189326,-46.6547652
58,2018-12-01,De 05:45 a 12:54,0,intersection,05:45 ,12:54,-23.5137188,-46.6504947
59,2018-12-01,De 00:19 a 02:12,0,intersection,00:19 ,02:12,-23.4726383,-46.5714392
60,2018-12-01,De 00:19 a 00:44,0,intersection,00:19 ,00:44,-23.4726383,-46.5714392
61,2018-12-01,De 02:18 a 09:41,1,transitavel,02:18 ,09:41,-23.5233965,-46.6129802
62,2018-12-01,De 05:25 a 09:40,0,route,05:25 ,09:40,-23.5179509,-46.64946399999999
63,2018-12-01,De 08:44 a 14:43,1,street_address,08:44 ,14:43,-23.4271371,-46.7243753
64,2018-12-01,De 12:57 a 14:44,0,street_address,12:57 ,14:44,-23.5255433,-46.6535881
65,2018-12-01,De 00:16 a 15:42,0,route,00:16 ,15:42,-23.5179509,-46.64946399999999
66,2018-12-01,De 02:15 a 09:43,0,intersection,02:15 ,09:43,-23.5115762,-46.6249014
67,2018-12-01,De 03:24 a 03:57,0,route,03:24 ,03:57,-23.5179509,-46.64946399999999
68,2018-12-01,De 05:28 a 09:41,1,intersection,05:28 ,09:41,-23.5115762,-46.6249014
69,2018-12-01,De 05:48 a 07:05,0,intersection,05:48 ,07:05,-23.5151388,-46.6412765
70,2018-12-01,De 00:40 a 15:42,0,route,00:40 ,15:42,-23.5179509,-46.64946399999999
71,2018-12-01,De 02:16 a 09:40,0,intransitavel,02:16 ,09:40,-23.5189326,-46.6547652
72,2018-12-01,De 03:01 a 03:39,0,establishment,03:01 ,03:39,-23.5344059,-46.7500829
73,2018-12-01,De 04:30 a 09:19,0,intersection,04:30 ,09:19,-23.5198356,-46.6568362
74,2018-12-01,De 05:47 a 09:53,1,administrative_area_level_3,05:47 ,09:53,39.8031161,-7.4597725
75,2018-12-01,De 05:49 a 08:51,0,route,05:49 ,08:51,-23.6238787,-46.7099683
76,2018-12-01,De 11:28 a 11:00,1,route,11:28 ,11:00,-23.5179509,-46.64946399999999
77,2018-12-01,De 11:28 a 11:00,1,route,11:28 ,11:00,-23.5179509,-46.64946399999999
78,2018-12-01,De 01:49 a 09:12,1,transitavel,01:49 ,09:12,-23.5189326,-46.6547652
79,2018-12-01,De 02:11 a 09:39,1,route,02:11 ,09:39,-23.5146598,-46.7246391
80,2018-12-01,De 02:24 a 09:43,0,intransitavel,02:24 ,09:43,-23.512302,-46.7267119
81,2018-12-01,De 03:12 a 08:58,0,intersection,03:12 ,08:58,-23.5360182,-46.74658720000001
82,2018-12-01,De 03:22 a 03:33,1,street_address,03:22 ,03:33,-23.5151408,-46.68499449999999
83,2018-12-01,De 03:33 a 03:40,1,intersection,03:33 ,03:40,-23.5145184,-46.7003126
84,2018-12-01,De 03:57 a 09:12,0,intersection,03:57 ,09:12,-23.5133866,-46.7033226
85,2018-12-01,De 04:17 a 14:43,0,intersection,04:17 ,14:43,-23.5154193,-46.696145
86,2018-12-01,De 07:13 a 09:32,1,intersection,07:13 ,09:32,-23.5272478,-46.7402334
87,2018-12-01,De 07:45 a 09:31,1,street_address,07:45 ,09:31,-23.5292152,-46.7426048
88,2018-12-01,De 08:33 a 11:56,1,premise,08:33 ,11:56,-23.5306517,-46.74489920000001
89,2018-12-01,De 02:04 a 09:39,1,intersection,02:04 ,09:39,-23.5881265,-46.6905352
90,2018-12-01,De 02:08 a 08:25,1,route,02:08 ,08:25,-23.6077583,-46.6973162
91,2018-12-01,De 03:19 a 08:23,0,route,03:19 ,08:23,-23.5870513,-46.6896484
92,2018-12-01,De 04:15 a 12:37,1,intersection,04:15 ,12:37,-23.6065062,-46.6969314
93,2018-12-01,De 03:45 a 09:42,0,route,03:45 ,09:42,-23.5179509,-46.64946399999999
94,2018-12-01,De 03:57 a 09:43,0,establishment,03:57 ,09:43,-23.5282312,-46.5850775
95,2018-12-01,De 09:43 a 11:04,1,route,09:43 ,11:04,-23.5325864,-46.4505512
96,2018-12-01,De 01:51 a 16:57,1,intersection,01:51 ,16:57,-23.5254518,-46.5564904
97,2018-12-02,De 07:51 a 08:40,1,street_address,07:51 ,08:40,-23.4868347,-46.6818386
98,2018-12-02,De 15:54 a 19:42,1,intersection,15:54 ,19:42,-23.5630945,-46.6739812
99,2018-12-04,De 18:06 a 20:54,1,street_address,18:06 ,20:54,-23.5690382,-46.4479418
100,2018-12-13,De 16:39 a 17:14,1,intersection,16:39 ,17:14,-23.5504292,-46.6381386
101,2018-12-13,De 17:00 a 17:52,1,intersection,17:00 ,17:52,-23.5427039,-46.6268799
102,2018-12-13,De 17:04 a 17:52,0,intersection,17:04 ,17:52,-23.5404284,-46.6295011
103,2018-12-13,De 16:25 a 17:08,1,intersection,16:25 ,17:08,-23.5362269,-46.5522662
104,2018-12-13,De 16:28 a 17:09,0,intersection,16:28 ,17:09,-23.5360498,-46.5514434
105,2018-12-13,De 16:36 a 16:48,1,intersection,16:36 ,16:48,-23.5479302,-46.6027783
106,2018-12-13,De 16:42 a 16:54,1,intersection,16:42 ,16:54,-23.5479302,-46.6027783
107,2018-12-13,De 18:02 a 19:00,0,street_address,18:02 ,19:00,-23.5713971,-46.598292
108,2018-12-13,De 17:00 a 19:22,0,intersection,17:00 ,19:22,-23.4999189,-46.5244016
109,2018-12-13,De 15:48 a 17:00,0,intersection,15:48 ,17:00,-23.5773899,-46.593206
110,2018-12-13,De 16:28 a 17:20,0,street_address,16:28 ,17:20,-23.580845,-46.585489
111,2018-12-13,De 18:06 a 19:19,1,intersection,18:06 ,19:19,-23.6658875,-46.7130319
112,2018-12-13,De 18:06 a 19:18,1,intersection,18:06 ,19:18,-23.6656924,-46.7124181
113,2018-12-13,De 15:22 a 17:52,1,transitavel,15:22 ,17:52,-23.6435241,-46.7339741
114,2018-12-13,De 18:06 a 18:13,1,route,18:06 ,18:13,-23.6699141,-46.7326894
115,2018-12-13,De 15:26 a 15:51,1,street_address,15:26 ,15:51,-23.6260211,-46.6886941
116,2018-12-13,De 15:31 a 16:05,0,intersection,15:31 ,16:05,-23.6522565,-46.7228707
117,2018-12-13,De 15:48 a 16:58,0,intersection,15:48 ,16:58,-23.6224124,-46.6282342
118,2018-12-16,De 19:40 a 21:39,1,route,19:40 ,21:39,-23.5179509,-46.64946399999999
119,2018-12-18,De 23:48 a 04:21,0,street_address,23:48 ,04:21,-23.4032551,-46.7313454
120,2018-12-18,De 06:49 a 06:55,1,transitavel,06:49 ,06:55,-23.538154,-46.450408
121,2018-12-18,De 08:20 a 13:26,1,route,08:20 ,13:26,-23.5325864,-46.4505512
122,2018-12-18,De 13:20 a 13:51,1,street_address,13:20 ,13:51,-23.5351935,-46.581468
123,2018-12-19,De 02:31 a 05:50,0,intersection,02:31 ,05:50,-23.404361,-46.7529665
124,2018-12-19,De 02:40 a 08:09,0,intersection,02:40 ,08:09,-23.4068591,-46.75017159999999
125,2018-12-19,De 17:37 a 17:59,1,intersection,17:37 ,17:59,-23.5492156,-46.6407569
126,2018-12-19,De 17:58 a 18:00,1,premise,17:58 ,18:00,-23.5404117,-46.62906599999999
127,2018-12-19,De 17:58 a 18:19,1,street_address,17:58 ,18:19,-23.5400716,-46.6305941
128,2018-12-19,De 18:28 a 19:07,1,street_address,18:28 ,19:07,-23.530037,-46.647568
129,2018-12-19,De 19:41 a 20:08,1,intersection,19:41 ,20:08,-23.5427039,-46.6268799
130,2018-12-19,De 08:33 a 08:46,1,intersection,08:33 ,08:46,-23.5725782,-46.7045018
131,2018-12-19,De 17:12 a 18:06,1,intersection,17:12 ,18:06,-23.53525,-46.5826757
132,2018-12-19,De 17:16 a 17:49,1,intersection,17:16 ,17:49,-23.5366178,-46.5889416
133,2018-12-19,De 17:18 a 18:05,1,intersection,17:18 ,18:05,-23.5380499,-46.5989774
134,2018-12-20,De 00:44 a 01:40,1,intersection,00:44 ,01:40,-23.5343926,-46.6490374
135,2018-12-20,De 00:10 a 00:19,1,intersection,00:10 ,00:19,-23.566567,-46.66903
136,2018-12-20,De 01:59 a 02:15,1,intersection,01:59 ,02:15,-23.5628046,-46.67459239999999
137,2018-12-20,De 19:39 a 20:01,0,route,19:39 ,20:01,-23.6077583,-46.6973162
138,2018-12-23,De 23:23 a 23:39,1,street_address,23:23 ,23:39,-23.4559559,-46.7203198
139,2018-12-23,De 03:29 a 04:34,1,premise,03:29 ,04:34,-23.6514591,-46.757182
140,2018-12-23,De 16:05 a 16:51,1,establishment,16:05 ,16:51,-23.6491124,-46.7295005
141,2018-12-23,De 09:12 a 09:25,1,street_address,09:12 ,09:25,-23.6395503,-46.7225777
142,2018-12-23,De 15:45 a 16:22,0,intersection,15:45 ,16:22,-23.6411782,-46.724097
143,2018-12-23,De 15:47 a 16:50,0,intersection,15:47 ,16:50,-23.6522565,-46.7228707
144,2018-12-23,De 16:07 a 16:51,1,intersection,16:07 ,16:51,-23.6462723,-46.7253607
145,2018-12-24,De 08:23 a 09:40,1,street_address,08:23 ,09:40,-23.4559559,-46.7203198
146,2018-12-24,De 08:12 a 08:15,1,intersection,08:12 ,08:15,-23.5397543,-46.459767
147,2018-12-24,De 06:28 a 06:27,1,route,06:28 ,06:27,-23.5325864,-46.4505512
148,2018-12-25,De 16:48 a 16:56,1,intersection,16:48 ,16:56,-23.5228991,-46.63029849999999
149,2018-12-26,De 07:05 a 10:26,1,street_address,07:05 ,10:26,-23.5240108,-46.630318
150,2018-12-28,De 17:17 a 18:59,1,establishment,17:17 ,18:59,-23.513408,-46.6243676
151,2018-12-28,De 15:12 a 15:35,1,route,15:12 ,15:35,-23.5874712,-46.5931047
152,2018-12-28,De 15:20 a 15:36,1,intersection,15:20 ,15:36,-23.5795126,-46.5720433
153,2019-01-01,De 17:16 a 22:29,0,street_address,17:16 ,22:29,-23.4029034,-46.7528997
154,2019-01-01,De 17:33 a 22:29,0,intersection,17:33 ,22:29,-23.4038505,-46.7531618
155,2019-01-01,De 18:01 a 22:29,0,street_address,18:01 ,22:29,-23.4076344,-46.7506224
156,2019-01-01,De 19:04 a 21:09,0,street_address,19:04 ,21:09,-23.4058093,-46.7352023
157,2019-01-01,De 18:34 a 19:23,0,intersection,18:34 ,19:23,-23.5504292,-46.6381386
158,2019-01-01,De 19:52 a 21:00,1,establishment,19:52 ,21:00,-23.5436382,-46.7331109
159,2019-01-01,De 16:25 a 17:23,1,route,16:25 ,17:23,-23.5409715,-46.4494444
160,2019-01-01,De 18:20 a 18:26,1,transitavel,18:20 ,18:26,-23.5728903,-46.44547739999999
161,2019-01-01,De 19:21 a 17:23,1,route,19:21 ,17:23,-23.5409715,-46.4494444
162,2019-01-01,De 16:12 a 17:30,0,route,16:12 ,17:30,-23.5533318,-46.57331139999999
163,2019-01-01,De 19:19 a 19:32,1,intersection,19:19 ,19:32,-23.552072,-46.5769369
164,2019-01-02,De 15:05 a 15:22,1,street_address,15:05 ,15:22,-23.5705044,-46.4491428
165,2019-01-03,De 17:27 a 17:42,1,street_address,17:27 ,17:42,-23.5488882,-46.6385329
166,2019-01-03,De 19:43 a 20:18,1,route,19:43 ,20:18,-23.5629636,-46.6400328
167,2019-01-03,De 19:52 a 20:04,1,route,19:52 ,20:04,-23.5450933,-46.6367485
168,2019-01-03,De 19:56 a 21:00,0,route,19:56 ,21:00,-23.5178918,-46.6528819
169,2019-01-04,De 15:11 a 15:54,0,street_address,15:11 ,15:54,-23.5086834,-46.5997792
170,2019-01-04,De 14:45 a 15:03,1,intersection,14:45 ,15:03,-23.5404284,-46.6295011
171,2019-01-04,De 15:04 a 15:53,1,intersection,15:04 ,15:53,-23.5392541,-46.62754899999999
172,2019-01-04,De 15:56 a 17:56,1,intersection,15:56 ,17:56,-23.5427039,-46.6268799
173,2019-01-04,De 17:52 a 19:30,1,street_address,17:52 ,19:30,-23.5396789,-46.630481
174,2019-01-04,De 15:53 a 18:49,1,intersection,15:53 ,18:49,-23.5195747,-46.6741744
175,2019-01-04,De 15:15 a 15:33,1,intersection,15:15 ,15:33,-23.5898417,-46.6930118
176,2019-01-04,De 14:59 a 15:22,1,route,14:59 ,15:22,-23.5179509,-46.64946399999999
177,2019-01-04,De 18:41 a 19:10,1,intersection,18:41 ,19:10,-23.5366178,-46.5889416
178,2019-01-04,De 18:20 a 19:00,1,street_address,18:20 ,19:00,-23.5802348,-46.5852468
179,2019-01-04,De 14:26 a 15:25,1,route,14:26 ,15:25,-23.5974359,-46.6972704
180,2019-01-04,De 14:26 a 16:31,1,intersection,14:26 ,16:31,-23.6618529,-46.7063713
181,2019-01-04,De 14:25 a 15:25,1,transitavel,14:25 ,15:25,-23.6127701,-46.6988729
182,2019-01-04,De 14:34 a 15:27,1,intersection,14:34 ,15:27,-23.6522565,-46.7228707
183,2019-01-04,De 14:47 a 15:03,1,intersection,14:47 ,15:03,-23.6256401,-46.69167590000001
184,2019-01-04,De 14:34 a 15:18,0,intersection,14:34 ,15:18,-23.620556,-46.6277791
185,2019-01-04,De 14:48 a 15:19,1,intersection,14:48 ,15:19,-23.6226146,-46.62937530000001
186,2019-01-04,De 14:55 a 15:21,1,intersection,14:55 ,15:21,-23.6265121,-46.6294583
187,2019-01-04,De 15:02 a 15:19,1,intersection,15:02 ,15:19,-23.611042,-46.6283031
188,2019-01-06,De 19:54 a 20:34,0,intersection,19:54 ,20:34,-23.4726383,-46.5714392
189,2019-01-08,De 16:22 a 17:47,0,intersection,16:22 ,17:47,-23.5504292,-46.6381386
190,2019-01-08,De 17:09 a 17:57,1,intersection,17:09 ,17:57,-23.5364131,-46.64242609999999
191,2019-01-08,De 16:20 a 17:51,0,intersection,16:20 ,17:51,-23.5726084,-46.5044544
192,2019-01-08,De 17:13 a 17:29,0,intersection,17:13 ,17:29,-23.5500133,-46.60135229999999
193,2019-01-08,De 16:15 a 18:15,0,intersection,16:15 ,18:15,-23.5835626,-46.5751825
194,2019-01-08,De 16:17 a 18:15,0,intersection,16:17 ,18:15,-23.5840865,-46.5843941
195,2019-01-08,De 16:21 a 18:15,0,intersection,16:21 ,18:15,-23.5830108,-46.568617
196,2019-01-08,De 16:48 a 18:20,1,street_address,16:48 ,18:20,-23.5791166,-46.6254293
197,2019-01-08,De 17:04 a 17:30,0,route,17:04 ,17:30,-23.5945235,-46.5976527
198,2019-01-08,De 17:09 a 17:49,0,intersection,17:09 ,17:49,-23.5771931,-46.60910459999999
199,2019-01-10,De 22:37 a 00:56,1,street_address,22:37 ,00:56,-23.6133909,-46.6983976
200,2019-01-10,De 23:18 a 00:45,1,transitavel,23:18 ,00:45,-23.5914102,-46.6897221
201,2019-01-10,De 23:20 a 00:41,1,intersection,23:20 ,00:41,-23.5881265,-46.6905352
202,2019-01-10,De 22:45 a 23:20,0,intersection,22:45 ,23:20,-23.6189923,-46.6830422
203,2019-01-10,De 22:58 a 23:36,0,intersection,22:58 ,23:36,-23.6653157,-46.6781231
204,2019-01-10,De 22:40 a 23:25,0,intersection,22:40 ,23:25,-23.620556,-46.6277791
205,2019-01-10,De 22:47 a 23:25,0,intersection,22:47 ,23:25,-23.6193201,-46.62772890000001
206,2019-01-11,De 16:22 a 17:56,1,route,16:22 ,17:56,-23.5179509,-46.64946399999999
207,2019-01-11,De 17:40 a 17:45,1,route,17:40 ,17:45,-23.5179509,-46.64946399999999
208,2019-01-11,De 01:19 a 01:44,1,intersection,01:19 ,01:44,-23.5617929,-46.6580219
209,2019-01-11,De 08:12 a 09:57,1,intersection,08:12 ,09:57,-23.5855524,-46.6890057
210,2019-01-11,De 17:25 a 17:46,0,intersection,17:25 ,17:46,-23.7063548,-46.7843513
211,2019-01-13,De 15:53 a ,1,intersection,15:53 ,,-23.766443,-46.71705069999999
212,2019-01-14,De 18:00 a 18:15,0,intersection,18:00 ,18:15,-23.540056,-46.5423531
213,2019-01-14,De 18:19 a 18:36,0,establishment,18:19 ,18:36,-23.5414672,-46.45937439999999
214,2019-01-14,De 17:39 a 18:35,1,intersection,17:39 ,18:35,-23.5380499,-46.5989774
215,2019-01-14,De 16:41 a 17:10,0,intersection,16:41 ,17:10,-23.6638686,-46.6785854
216,2019-01-14,De 16:46 a 17:47,0,intersection,16:46 ,17:47,-23.6814862,-46.69453490000001
217,2019-01-14,De 17:40 a 17:45,0,intersection,17:40 ,17:45,-23.5834742,-46.654522
218,2019-01-16,De 05:11 a 05:28,1,intersection,05:11 ,05:28,-23.5254518,-46.5564904
219,2019-01-17,De 18:32 a 21:53,1,transitavel,18:32 ,21:53,-23.5189326,-46.6547652
220,2019-01-17,De 18:41 a 19:02,0,intersection,18:41 ,19:02,-23.5039206,-46.6846383
221,2019-01-17,De 18:58 a 19:02,0,intersection,18:58 ,19:02,-23.5039206,-46.6846383
222,2019-01-17,De 19:09 a 19:42,1,locality,19:09 ,19:42,-23.5505199,-46.63330939999999
223,2019-01-17,De 18:37 a 19:22,0,intersection,18:37 ,19:22,-23.5557717,-46.6494827
224,2019-01-17,De 18:41 a 19:27,0,intersection,18:41 ,19:27,-23.5504292,-46.6381386
225,2019-01-17,De 18:57 a 19:35,1,intersection,18:57 ,19:35,-23.5364131,-46.64242609999999
226,2019-01-17,De 19:03 a 19:23,0,intersection,19:03 ,19:23,-23.5553996,-46.6496127
227,2019-01-17,De 18:23 a 19:48,1,intersection,18:23 ,19:48,-23.5725782,-46.7045018
228,2019-01-17,De 18:24 a 18:30,1,intersection,18:24 ,18:30,-23.5327743,-46.6754241
229,2019-01-17,De 18:24 a 19:08,0,intersection,18:24 ,19:08,-23.5263631,-46.6822994
230,2019-01-17,De 18:29 a 19:36,0,intersection,18:29 ,19:36,-23.526942,-46.6840671
231,2019-01-17,De 18:36 a 19:55,1,intersection,18:36 ,19:55,-23.5195747,-46.6741744
232,2019-01-17,De 19:12 a 19:55,1,intersection,19:12 ,19:55,-23.5216144,-46.66750039999999
233,2019-01-17,De 19:17 a 20:48,1,transitavel,19:17 ,20:48,-23.5189326,-46.6547652
234,2019-01-17,De 18:07 a 18:15,1,intersection,18:07 ,18:15,-23.5845126,-46.6876749
235,2019-01-17,De 18:10 a 18:40,0,intersection,18:10 ,18:40,-23.5576948,-46.6862121
236,2019-01-17,De 18:20 a 18:43,0,intersection,18:20 ,18:43,-23.5641608,-46.6778872
237,2019-01-17,De 19:10 a 21:02,1,intersection,19:10 ,21:02,-23.5542021,-46.7081671
238,2019-01-17,De 19:37 a 20:24,1,intersection,19:37 ,20:24,-23.5380499,-46.5989774
239,2019-01-17,De 21:49 a 21:53,1,establishment,21:49 ,21:53,-23.5230976,-46.5582997
240,2019-01-17,De 17:34 a 19:25,1,intersection,17:34 ,19:25,-23.6415424,-46.7241725
241,2019-01-17,De 17:49 a 18:00,0,intersection,17:49 ,18:00,-23.5834742,-46.654522
242,2019-01-18,De 17:51 a 18:14,1,premise,17:51 ,18:14,-23.6567885,-46.7356664
243,2019-01-18,De 16:55 a 18:07,1,intersection,16:55 ,18:07,-23.6841075,-46.691945
244,2019-01-19,De 19:42 a 20:19,0,intersection,19:42 ,20:19,-23.5921613,-46.7317735
245,2019-01-19,De 20:01 a 21:30,0,intersection,20:01 ,21:30,-23.6010331,-46.7185488
246,2019-01-19,De 20:04 a 21:30,1,intersection,20:04 ,21:30,-23.6115932,-46.7542352
247,2019-01-19,De 20:04 a 21:30,1,intersection,20:04 ,21:30,-23.5834742,-46.654522
248,2019-01-20,De 02:43 a 02:51,1,establishment,02:43 ,02:51,-23.5282312,-46.5850775
249,2019-01-20,De 02:00 a 08:29,1,route,02:00 ,08:29,-23.6190603,-46.6280469
250,2019-01-22,De 15:20 a 16:30,1,street_address,15:20 ,16:30,-23.5157253,-46.6404566
251,2019-01-22,De 15:42 a 18:30,1,intersection,15:42 ,18:30,-23.5040151,-46.6308881
252,2019-01-22,De 16:33 a 18:43,0,intersection,16:33 ,18:43,-23.5138458,-46.6240427
253,2019-01-22,De 17:14 a 18:52,1,route,17:14 ,18:52,-23.5179509,-46.64946399999999
254,2019-01-22,De 15:04 a 16:20,1,intersection,15:04 ,16:20,-23.5240737,-46.62877599999999
255,2019-01-22,De 15:42 a 16:57,1,intersection,15:42 ,16:57,-23.5513576,-46.6403225
256,2019-01-22,De 15:56 a 18:55,1,intersection,15:56 ,18:55,-23.5427039,-46.6268799
257,2019-01-22,De 17:25 a 18:29,1,street_address,17:25 ,18:29,-23.53704,-46.649866
258,2019-01-22,De 18:54 a 21:00,1,intersection,18:54 ,21:00,-23.528301,-46.7398231
259,2019-01-22,De 16:35 a 18:51,1,intersection,16:35 ,18:51,-23.5898417,-46.6930118
260,2019-01-22,De 16:56 a 17:51,1,intersection,16:56 ,17:51,-23.6023302,-46.695452
261,2019-01-22,De 16:27 a 21:00,1,route,16:27 ,21:00,-23.5179509,-46.64946399999999
262,2019-01-22,De 16:25 a 18:10,1,route,16:25 ,18:10,-23.605464,-46.6930699
263,2019-01-23,De 17:40 a 19:10,0,intersection,17:40 ,19:10,-23.4065988,-46.7505867
264,2019-01-23,De 18:00 a 19:10,1,intersection,18:00 ,19:10,-23.404361,-46.7529665
265,2019-01-24,De 15:53 a 16:22,0,intransitavel,15:53 ,16:22,-23.4938829,-46.6102733
266,2019-01-24,De 16:07 a 16:23,1,transitavel,16:07 ,16:23,-23.5053809,-46.6051545
267,2019-01-24,De 16:42 a 18:14,0,intersection,16:42 ,18:14,-23.4065988,-46.7505867
268,2019-01-24,De 16:04 a 16:43,1,intersection,16:04 ,16:43,-23.5364131,-46.64242609999999
269,2019-01-24,De 16:22 a 16:50,0,intersection,16:22 ,16:50,-23.5504292,-46.6381386
270,2019-01-24,De 16:23 a 16:40,1,intersection,16:23 ,16:40,-23.5492156,-46.6407569
271,2019-01-24,De 16:29 a 17:13,0,administrative_area_level_3,16:29 ,17:13,39.8031161,-7.4597725
272,2019-01-24,De 16:32 a 16:40,1,transitavel,16:32 ,16:40,-23.5493015,-46.6393521
273,2019-01-24,De 16:38 a 17:45,1,intersection,16:38 ,17:45,-23.5560709,-46.6291905
274,2019-01-24,De 16:45 a 18:19,1,intersection,16:45 ,18:19,-23.5382858,-46.6412357
275,2019-01-24,De 16:52 a 18:28,0,intersection,16:52 ,18:28,-23.5247791,-46.6307676
276,2019-01-24,De 17:06 a 17:42,0,intersection,17:06 ,17:42,-23.5571917,-46.6285664
277,2019-01-24,De 16:35 a 18:30,0,intransitavel,16:35 ,18:30,-23.582708,-46.77084019999999
278,2019-01-24,De 17:33 a 18:30,0,street_address,17:33 ,18:30,-23.5771924,-46.7816735
279,2019-01-24,De 16:21 a 17:27,1,intersection,16:21 ,17:27,-23.5195747,-46.6741744
280,2019-01-24,De 16:34 a 17:15,1,premise,16:34 ,17:15,-23.518635,-46.6758825
281,2019-01-24,De 16:36 a 16:45,1,intersection,16:36 ,16:45,-23.5263631,-46.6822994
282,2019-01-24,De 16:51 a 17:21,1,transitavel,16:51 ,17:21,-23.512959,-46.68271679999999
283,2019-01-24,De 16:25 a 16:34,1,intersection,16:25 ,16:34,-23.5479302,-46.6027783
284,2019-01-24,De 16:49 a 17:09,0,intersection,16:49 ,17:09,-23.5442834,-46.5926346
285,2019-01-24,De 17:22 a 18:49,1,intersection,17:22 ,18:49,-23.5380499,-46.5989774
286,2019-01-24,De 16:46 a 17:17,0,intersection,16:46 ,17:17,-23.5685285,-46.6078912
287,2019-01-25,De 18:02 a 19:30,0,intersection,18:02 ,19:30,-23.4065988,-46.7505867
288,2019-01-25,De 17:17 a 18:33,1,route,17:17 ,18:33,-23.5179509,-46.64946399999999
289,2019-01-25,De 00:55 a 01:16,1,establishment,00:55 ,01:16,-23.5494504,-46.6306465
290,2019-01-25,De 22:54 a 22:30,1,establishment,22:54 ,22:30,-23.5494504,-46.6306465
291,2019-01-25,De 17:34 a 18:24,1,route,17:34 ,18:24,-23.5507525,-46.7248459
292,2019-01-25,De 17:01 a 20:22,1,transitavel,17:01 ,20:22,-23.5234476,-46.6494921
293,2019-01-25,De 18:29 a 19:07,0,street_address,18:29 ,19:07,-23.5270224,-46.5552084
294,2019-01-25,De 17:11 a 17:32,1,intersection,17:11 ,17:32,-23.5867387,-46.5902006
295,2019-01-25,De 17:25 a 18:17,1,street_address,17:25 ,18:17,-23.6209872,-46.6783054
296,2019-01-25,De 17:30 a 19:34,1,street_address,17:30 ,19:34,-23.6367832,-46.6926966
297,2019-01-25,De 17:16 a 18:27,0,intersection,17:16 ,18:27,-23.6071829,-46.6656996
298,2019-01-25,De 17:20 a 21:26,1,intersection,17:20 ,21:26,-23.6104774,-46.6685525
299,2019-01-25,De 17:38 a 18:26,0,intersection,17:38 ,18:26,-23.6071829,-46.6656996
300,2019-01-26,De 19:38 a 19:57,1,route,19:38 ,19:57,-23.5974359,-46.6972704
301,2019-01-26,De 20:58 a 22:34,1,establishment,20:58 ,22:34,-23.5582886,-46.7115218
302,2019-01-26,De 19:41 a 20:57,1,transitavel,19:41 ,20:57,-23.5727497,-46.7110636
303,2019-01-26,De 19:44 a 20:58,1,establishment,19:44 ,20:58,-23.556321,-46.7206852
304,2019-01-26,De 19:46 a 20:00,1,route,19:46 ,20:00,-23.6238787,-46.7099683
305,2019-01-26,De 19:09 a 19:40,1,intersection,19:09 ,19:40,-23.6040704,-46.6796195
306,2019-01-26,De 18:14 a 19:47,0,establishment,18:14 ,19:47,-23.6487767,-46.718761
307,2019-01-26,De 18:43 a 23:26,0,intersection,18:43 ,23:26,-23.6237935,-46.6961212
308,2019-01-26,De 18:52 a 20:04,1,transitavel,18:52 ,20:04,-23.6359596,-46.6613117
309,2019-01-26,De 19:03 a 19:49,0,intersection,19:03 ,19:49,-23.6264229,-46.6874891
310,2019-01-26,De 18:45 a 22:36,1,intersection,18:45 ,22:36,-23.6056014,-46.6642102
311,2019-01-26,De 18:57 a 22:32,0,intersection,18:57 ,22:32,-23.6071829,-46.6656996
312,2019-01-26,De 19:12 a 19:41,1,street_address,19:12 ,19:41,-23.5983915,-46.68809299999999
313,2019-01-26,De 19:20 a 22:34,0,intersection,19:20 ,22:34,-23.6071829,-46.6656996
314,2019-01-26,De 19:21 a 22:34,0,intransitavel,19:21 ,22:34,-23.5998415,-46.6521959
315,2019-01-29,De 19:15 a 19:16,1,street_address,19:15 ,19:16,-23.53704,-46.649866
316,2019-01-29,De 17:37 a 18:01,1,route,17:37 ,18:01,-23.5937481,-46.7890998
317,2019-01-30,De 17:12 a 18:02,0,locality,17:12 ,18:02,-23.5505199,-46.63330939999999
318,2019-01-30,De 17:13 a 18:04,1,intersection,17:13 ,18:04,-23.5043247,-46.6816206
319,2019-01-30,De 17:23 a 18:45,0,intransitavel,17:23 ,18:45,-23.5189326,-46.6547652
320,2019-01-30,De 17:24 a 19:58,0,intersection,17:24 ,19:58,-23.5039206,-46.6846383
321,2019-01-30,De 17:30 a 18:23,0,intersection,17:30 ,18:23,-23.5137738,-46.6534336
322,2019-01-30,De 18:02 a 18:45,1,establishment,18:02 ,18:45,-23.5153488,-46.65163039999999
323,2019-01-30,De 17:10 a 18:11,0,intersection,17:10 ,18:11,-23.4726383,-46.5714392
324,2019-01-30,De 17:15 a 18:03,1,transitavel,17:15 ,18:03,-23.4938829,-46.6102733
325,2019-01-30,De 17:17 a 18:13,1,transitavel,17:17 ,18:13,-23.5053809,-46.6051545
326,2019-01-30,De 17:10 a 18:22,0,premise,17:10 ,18:22,-23.4872,-46.6081613
327,2019-01-30,De 17:11 a 18:01,0,intersection,17:11 ,18:01,-23.5041705,-46.6246697
328,2019-01-30,De 17:15 a 18:22,0,intersection,17:15 ,18:22,-23.4925274,-46.6105814
329,2019-01-30,De 17:27 a 19:08,0,intersection,17:27 ,19:08,-23.5039307,-46.6224815
330,2019-01-30,De 16:59 a 18:00,0,intersection,16:59 ,18:00,-23.5404284,-46.6295011
331,2019-01-30,De 17:06 a 17:55,0,route,17:06 ,17:55,-23.5179509,-46.64946399999999
332,2019-01-30,De 17:16 a 18:41,0,street_address,17:16 ,18:41,-23.5380457,-46.6415765
333,2019-01-30,De 17:19 a 19:05,0,intersection,17:19 ,19:05,-23.5364131,-46.64242609999999
334,2019-01-30,De 18:14 a 18:54,1,intersection,18:14 ,18:54,-23.5393955,-46.6363454
335,2019-01-30,De 18:21 a 19:08,1,intersection,18:21 ,19:08,-23.5228991,-46.63029849999999
336,2019-01-30,De 17:16 a 17:28,1,intersection,17:16 ,17:28,-23.5195747,-46.6741744
337,2019-01-30,De 17:17 a 19:46,0,intersection,17:17 ,19:46,-23.5195747,-46.6741744
338,2019-01-30,De 17:20 a 18:05,1,intersection,17:20 ,18:05,-23.5206876,-46.70153699999999
339,2019-01-30,De 17:21 a 19:09,1,intersection,17:21 ,19:09,-23.5258213,-46.7021734
340,2019-01-30,De 17:30 a 17:57,1,intersection,17:30 ,17:57,-23.5263631,-46.6822994
341,2019-01-30,De 17:41 a 18:26,0,establishment,17:41 ,18:26,-23.5153037,-46.6667883
342,2019-01-30,De 18:24 a 18:54,1,premise,18:24 ,18:54,-23.5182063,-46.668077
343,2019-02-04,De 03:56 a 10:01,1,establishment,03:56 ,10:01,-23.5153037,-46.6667883
344,2019-02-04,De 03:26 a 14:00,0,intersection,03:26 ,14:00,-23.5080754,-46.6125401
345,2019-02-04,De 06:46 a 11:16,1,transitavel,06:46 ,11:16,-23.518306,-46.627784
346,2019-02-04,De 07:24 a 10:02,0,route,07:24 ,10:02,-23.5179509,-46.64946399999999
347,2019-02-04,De 03:14 a 04:26,1,route,03:14 ,04:26,-23.5678389,-46.6066929
348,2019-02-04,De 03:53 a 09:50,1,intersection,03:53 ,09:50,-23.5247791,-46.6307676
349,2019-02-04,De 04:54 a 09:37,0,intersection,04:54 ,09:37,-23.5228991,-46.63029849999999
350,2019-02-04,De 06:49 a 11:11,1,administrative_area_level_3,06:49 ,11:11,39.8031161,-7.4597725
351,2019-02-04,De 06:52 a 11:12,1,administrative_area_level_3,06:52 ,11:12,39.8031161,-7.4597725
352,2019-02-04,De 07:47 a 07:22,1,street_address,07:47 ,07:22,-23.5240108,-46.630318
353,2019-02-04,De 08:08 a 13:30,1,intersection,08:08 ,13:30,-23.5375715,-46.64175119999999
354,2019-02-04,De 06:56 a 08:34,1,intersection,06:56 ,08:34,-23.5725782,-46.7045018
355,2019-02-04,De 04:23 a 03:12,1,intersection,04:23 ,03:12,-23.526942,-46.6840671
356,2019-02-04,De 07:34 a 07:47,1,street_address,07:34 ,07:47,-23.5333464,-46.7285291
357,2019-02-04,De 07:34 a 07:45,1,street_address,07:34 ,07:45,-23.5246536,-46.7366015
358,2019-02-04,De 05:12 a 11:18,1,intersection,05:12 ,11:18,-23.5898417,-46.6930118
359,2019-02-04,De 05:58 a 09:22,1,intersection,05:58 ,09:22,-23.6065062,-46.6969314
360,2019-02-04,De 06:15 a 09:22,1,route,06:15 ,09:22,-23.5409715,-46.4494444
361,2019-02-04,De 02:53 a 04:26,1,intersection,02:53 ,04:26,-23.5479302,-46.6027783
362,2019-02-04,De 03:14 a 03:32,1,transitavel,03:14 ,03:32,-23.544691,-46.595242
363,2019-02-04,De 03:23 a 10:01,1,route,03:23 ,10:01,-23.5179509,-46.64946399999999
364,2019-02-04,De 05:13 a 10:22,1,intersection,05:13 ,10:22,-23.5380499,-46.5989774
365,2019-02-04,De 05:06 a 16:40,1,transitavel,05:06 ,16:40,-23.5409439,-46.4841729
366,2019-02-04,De 03:13 a 04:30,0,intersection,03:13 ,04:30,-23.584128,-46.5770499
367,2019-02-04,De 06:40 a 12:42,1,intersection,06:40 ,12:42,-23.5867387,-46.5902006
368,2019-02-04,De 02:21 a 04:26,0,street_address,02:21 ,04:26,-23.6640959,-46.6778151
369,2019-02-04,De 03:21 a 04:30,0,premise,03:21 ,04:30,-23.7262849,-46.7008721
370,2019-02-04,De 08:06 a 09:50,0,street_address,08:06 ,09:50,-23.7738608,-46.7209628
371,2019-02-04,De 03:03 a 04:12,1,intersection,03:03 ,04:12,-23.6618529,-46.7063713
372,2019-02-04,De 03:05 a 04:30,1,intersection,03:05 ,04:30,-23.6264229,-46.6874891
373,2019-02-04,De 03:26 a 04:35,1,intersection,03:26 ,04:35,-23.6620058,-46.70606979999999
374,2019-02-04,De 03:39 a 04:30,0,intersection,03:39 ,04:30,-23.6256401,-46.69167590000001
375,2019-02-04,De 03:58 a 04:58,1,route,03:58 ,04:58,-23.6077583,-46.6973162
376,2019-02-04,De 04:05 a 04:42,1,transitavel,04:05 ,04:42,-23.6091384,-46.6962422
377,2019-02-04,De 02:38 a 03:38,0,intersection,02:38 ,03:38,-23.6194072,-46.6275169
378,2019-02-04,De 02:38 a 02:50,1,intersection,02:38 ,02:50,-23.6294542,-46.63095029999999
379,2019-02-04,De 02:47 a 04:02,0,intersection,02:47 ,04:02,-23.6193201,-46.62772890000001
380,2019-02-04,De 03:14 a 04:32,1,intersection,03:14 ,04:32,-23.6193201,-46.62772890000001
381,2019-02-06,De 11:40 a 12:58,1,locality,11:40 ,12:58,-22.6088326,-45.5681086
382,2019-02-06,De 07:43 a 13:04,1,intersection,07:43 ,13:04,-23.4268241,-46.7247753
383,2019-02-06,De 07:43 a 13:05,1,street_address,07:43 ,13:05,-23.4345656,-46.7202454
384,2019-02-06,De 12:55 a 13:21,1,transitavel,12:55 ,13:21,-23.5065372,-46.7184784
385,2019-02-06,De 13:11 a 13:35,1,street_address,13:11 ,13:35,-23.4068565,-46.7501758
386,2019-02-06,De 07:51 a 07:45,1,intersection,07:51 ,07:45,-23.5228991,-46.63029849999999
387,2019-02-06,De 12:56 a 13:05,1,route,12:56 ,13:05,-23.5254061,-46.6312236
388,2019-02-06,De 12:56 a 13:05,1,transitavel,12:56 ,13:05,-23.5240623,-46.6321516
389,2019-02-06,De 13:20 a 15:29,1,route,13:20 ,15:29,-23.5187464,-46.6300234
390,2019-02-06,De 16:01 a 16:48,1,street_address,16:01 ,16:48,-23.5542462,-46.6281314
391,2019-02-06,De 16:27 a 19:11,1,administrative_area_level_3,16:27 ,19:11,39.8031161,-7.4597725
392,2019-02-06,De 18:36 a 21:50,1,intersection,18:36 ,21:50,-23.5427039,-46.6268799
393,2019-02-06,De 18:45 a 20:00,1,administrative_area_level_3,18:45 ,20:00,39.8031161,-7.4597725
394,2019-02-06,De 09:00 a 09:14,1,street_address,09:00 ,09:14,-23.5245648,-46.7367274
395,2019-02-06,De 09:02 a 16:12,1,intersection,09:02 ,16:12,-23.5171058,-46.7258309
396,2019-02-06,De 18:29 a 19:56,1,establishment,18:29 ,19:56,-23.5246025,-46.7347232
397,2019-02-06,De 10:18 a 12:19,1,establishment,10:18 ,12:19,-23.5708892,-46.69263979999999
398,2019-02-06,De 10:56 a 16:57,1,route,10:56 ,16:57,-23.5575611,-46.7109394
399,2019-02-06,De 13:08 a 13:58,1,intersection,13:08 ,13:58,-23.5898417,-46.6930118
400,2019-02-06,De 13:15 a 13:35,1,intersection,13:15 ,13:35,-23.4046872,-46.7499627
401,2019-02-06,De 13:33 a 13:49,1,intersection,13:33 ,13:49,-23.5898417,-46.6930118
402,2019-02-06,De 13:45 a 19:08,1,intersection,13:45 ,19:08,-23.6065062,-46.6969314
403,2019-02-06,De 13:49 a 20:05,1,intersection,13:49 ,20:05,-23.5898417,-46.6930118
404,2019-02-06,De 20:07 a 21:46,1,intersection,20:07 ,21:46,-23.6065062,-46.6969314
405,2019-02-06,De 20:11 a 21:49,1,intersection,20:11 ,21:49,-23.5898417,-46.6930118
406,2019-02-06,De 07:59 a 08:24,1,route,07:59 ,08:24,-23.5404303,-46.449727
407,2019-02-06,De 18:25 a 20:00,1,street_address,18:25 ,20:00,-23.5395358,-46.458932
408,2019-02-06,De 06:41 a 09:42,1,intersection,06:41 ,09:42,-23.5380499,-46.5989774
409,2019-02-06,De 07:42 a 09:38,1,intersection,07:42 ,09:38,-23.5400925,-46.61158589999999
410,2019-02-06,De 07:59 a 08:30,1,transitavel,07:59 ,08:30,-23.538154,-46.450408
411,2019-02-06,De 12:56 a 16:56,1,route,12:56 ,16:56,-23.5440644,-46.61316859999999
412,2019-02-06,De 12:58 a 16:56,1,street_address,12:58 ,16:56,-23.5381842,-46.59920040000001
413,2019-02-06,De 20:04 a 20:15,1,route,20:04 ,20:15,-23.4851915,-46.3945055
414,2019-02-06,De 16:30 a 17:50,1,intersection,16:30 ,17:50,-23.4892939,-46.4049937
415,2019-02-06,De 18:16 a 07:57,0,premise,18:16 ,07:57,-23.4924754,-46.40181
416,2019-02-06,De 18:16 a 07:57,0,premise,18:16 ,07:57,-23.4924754,-46.40181
417,2019-02-06,De 19:54 a 08:02,0,intersection,19:54 ,08:02,-23.4848398,-46.3948724
418,2019-02-06,De 20:00 a 20:46,1,intersection,20:00 ,20:46,-23.4848398,-46.3948724
419,2019-02-06,De 13:06 a 14:40,1,intersection,13:06 ,14:40,-23.532489,-46.535937
420,2019-02-06,De 13:21 a 14:00,1,intersection,13:21 ,14:00,-23.5322419,-46.52894089999999
421,2019-02-06,De 14:24 a 15:09,1,intersection,14:24 ,15:09,-23.5413328,-46.4918126
422,2019-02-06,De 18:21 a 18:48,1,intersection,18:21 ,18:48,-23.581955,-46.4907206
423,2019-02-06,De 13:10 a 18:35,1,route,13:10 ,18:35,-23.6908195,-46.6862236
424,2019-02-06,De 14:21 a 16:58,1,route,14:21 ,16:58,-23.6077583,-46.6973162
425,2019-02-07,De 01:06 a 06:12,0,intersection,01:06 ,06:12,-23.5129139,-46.6932581
426,2019-02-07,De 19:54 a 08:02,0,intersection,19:54 ,08:02,-23.4848398,-46.3948724
427,2019-02-13,De 08:49 a 13:20,1,intersection,08:49 ,13:20,-23.5725782,-46.7045018
428,2019-02-13,De 07:24 a 09:30,1,intersection,07:24 ,09:30,-23.5380499,-46.5989774
429,2019-02-13,De 08:08 a 09:33,1,street_address,08:08 ,09:33,-23.5351935,-46.581468
430,2019-02-15,De 21:33 a 21:45,1,intersection,21:33 ,21:45,-23.5039206,-46.6846383
431,2019-02-15,De 21:36 a 22:04,0,intransitavel,21:36 ,22:04,-23.5478432,-46.6388302
432,2019-02-15,De 21:43 a 22:02,0,intersection,21:43 ,22:02,-23.5492156,-46.6407569
433,2019-02-15,De 21:27 a 22:36,1,establishment,21:27 ,22:36,-23.5456891,-46.7343506
434,2019-02-15,De 21:37 a 22:13,1,intersection,21:37 ,22:13,-23.5195747,-46.6741744
435,2019-02-15,De 21:15 a 22:59,0,intersection,21:15 ,22:59,-23.6620924,-46.6859374
436,2019-02-15,De 21:10 a 22:59,0,intersection,21:10 ,22:59,-23.6382072,-46.7408906
437,2019-02-15,De 21:27 a 22:05,0,intransitavel,21:27 ,22:05,-23.6661012,-46.71352419999999
438,2019-02-15,De 21:53 a 20:58,0,street_address,21:53 ,20:58,-23.6450685,-46.72996089999999
439,2019-02-15,De 21:14 a 22:28,0,route,21:14 ,22:28,-23.5575611,-46.7109394
440,2019-02-15,De 21:27 a 22:01,0,intransitavel,21:27 ,22:01,-23.6335137,-46.7184228
441,2019-02-15,De 21:27 a 22:42,1,street_address,21:27 ,22:42,-23.6259427,-46.688984
442,2019-02-15,De 21:38 a 22:22,0,intransitavel,21:38 ,22:22,-23.6611975,-46.7063158
443,2019-02-15,De 21:44 a 23:06,1,route,21:44 ,23:06,-23.6242558,-46.694804
444,2019-02-15,De 21:45 a 22:27,0,route,21:45 ,22:27,-23.5575611,-46.7109394
445,2019-02-15,De 21:51 a 22:05,1,establishment,21:51 ,22:05,-23.6283928,-46.6855726
446,2019-02-15,De 21:42 a 21:59,0,intransitavel,21:42 ,21:59,-23.6148504,-46.6280459
447,2019-02-15,De 21:29 a 21:48,0,intersection,21:29 ,21:48,-23.6018498,-46.6515005
448,2019-02-16,De 14:49 a 22:23,1,intersection,14:49 ,22:23,-23.5041705,-46.6246697
449,2019-02-16,De 19:32 a 00:42,0,route,19:32 ,00:42,-23.5179509,-46.64946399999999
450,2019-02-16,De 19:47 a 20:25,1,intersection,19:47 ,20:25,-23.51708,-46.6250651
451,2019-02-16,De 08:39 a 09:52,1,transitavel,08:39 ,09:52,-23.5125928,-46.68441259999999
452,2019-02-16,De 09:07 a 09:10,1,route,09:07 ,09:10,-23.5183977,-46.6523964
453,2019-02-16,De 18:20 a 00:42,0,administrative_area_level_3,18:20 ,00:42,39.8031161,-7.4597725
454,2019-02-16,De 19:08 a 21:33,0,intersection,19:08 ,21:33,-23.5571917,-46.6285664
455,2019-02-16,De 19:37 a 00:00,0,intersection,19:37 ,00:00,-23.5404284,-46.6295011
456,2019-02-16,De 23:22 a 00:22,1,administrative_area_level_3,23:22 ,00:22,39.8031161,-7.4597725
457,2019-02-16,De 17:19 a 17:50,1,intersection,17:19 ,17:50,-23.5263631,-46.6822994
458,2019-02-16,De 18:04 a 18:31,0,intersection,18:04 ,18:31,-23.5195747,-46.6741744
459,2019-02-16,De 18:20 a 18:31,1,intersection,18:20 ,18:31,-23.5195747,-46.6741744
460,2019-02-16,De 18:24 a 18:34,1,intersection,18:24 ,18:34,-23.5263631,-46.6822994
461,2019-02-16,De 18:34 a 19:16,1,street_address,18:34 ,19:16,-23.5192389,-46.6770941
462,2019-02-16,De 20:00 a 20:24,1,establishment,20:00 ,20:24,-23.5188403,-46.7429316
463,2019-02-16,De 22:27 a 00:00,1,intersection,22:27 ,00:00,-23.5272478,-46.7402334
464,2019-02-16,De 23:07 a 00:22,1,route,23:07 ,00:22,-23.5179509,-46.64946399999999
465,2019-02-16,De 08:50 a 09:27,1,intersection,08:50 ,09:27,-23.5881265,-46.6905352
466,2019-02-16,De 17:11 a 17:26,1,intersection,17:11 ,17:26,-23.5641608,-46.6778872
467,2019-02-16,De 18:47 a 23:42,0,intersection,18:47 ,23:42,-23.5550119,-46.5171162
468,2019-02-16,De 19:15 a 23:43,1,intersection,19:15 ,23:43,-23.5480634,-46.5261307
469,2019-02-16,De 23:00 a 23:42,1,intersection,23:00 ,23:42,-23.5414483,-46.5351209
470,2019-02-16,De 19:27 a 20:05,1,intersection,19:27 ,20:05,-23.5372818,-46.4570324
471,2019-02-16,De 19:48 a 20:08,0,intersection,19:48 ,20:08,-23.5358864,-46.4560867
472,2019-02-16,De 19:52 a 19:53,1,route,19:52 ,19:53,-23.5572835,-46.51984359999999
473,2019-02-16,De 17:44 a 18:15,0,route,17:44 ,18:15,-23.5476707,-46.6023316
474,2019-02-16,De 19:02 a 20:32,0,intersection,19:02 ,20:32,-23.5358791,-46.5525668
475,2019-02-16,De 19:10 a 19:42,0,route,19:10 ,19:42,-23.5476707,-46.6023316
476,2019-02-16,De 22:14 a 22:36,1,transitavel,22:14 ,22:36,-23.544691,-46.595242
477,2019-02-16,De 18:18 a 22:55,0,intersection,18:18 ,22:55,-23.5254518,-46.5564904
478,2019-02-16,De 17:35 a 20:27,0,intersection,17:35 ,20:27,-23.5867387,-46.5902006
479,2019-02-16,De 17:35 a 20:26,0,intersection,17:35 ,20:26,-23.5830026,-46.5733797
480,2019-02-16,De 18:55 a 20:25,0,intersection,18:55 ,20:25,-23.5835626,-46.5751825
481,2019-02-16,De 17:47 a 02:35,1,intersection,17:47 ,02:35,-23.5685285,-46.6078912
482,2019-02-16,De 18:49 a 20:17,0,intersection,18:49 ,20:17,-23.5834742,-46.654522
483,2019-02-16,De 19:13 a 20:03,1,intersection,19:13 ,20:03,-23.5834742,-46.654522
484,2019-02-16,De 20:00 a 20:07,1,intersection,20:00 ,20:07,-23.6253758,-46.6287942
485,2019-02-16,De 20:54 a 21:30,1,intersection,20:54 ,21:30,-23.6193201,-46.62772890000001
486,2019-02-20,De 19:50 a 20:50,0,intersection,19:50 ,20:50,-23.5553996,-46.6496127
487,2019-02-20,De 20:06 a 22:00,1,route,20:06 ,22:00,-23.5179509,-46.64946399999999
488,2019-02-20,De 20:12 a 22:00,0,route,20:12 ,22:00,-23.5178045,-46.650485
489,2019-02-20,De 20:18 a 22:00,1,transitavel,20:18 ,22:00,-23.52924,-46.598105
490,2019-02-20,De 20:27 a 21:15,0,route,20:27 ,21:15,-23.5682305,-46.6076365
491,2019-02-20,De 20:34 a 22:00,1,street_address,20:34 ,22:00,-23.5331585,-46.6565665
492,2019-02-20,De 20:50 a 22:00,0,intersection,20:50 ,22:00,-23.5480634,-46.5261307
493,2019-02-20,De 20:56 a 22:00,0,intersection,20:56 ,22:00,-23.5441466,-46.53109320000001
494,2019-02-20,De 20:56 a 21:15,0,intersection,20:56 ,21:15,-23.5480634,-46.5261307
495,2019-02-20,De 20:56 a 21:15,0,route,20:56 ,21:15,-23.5537791,-46.4895707
496,2019-02-20,De 20:38 a 21:15,1,intersection,20:38 ,21:15,-23.5442834,-46.5926346
497,2019-02-20,De 20:38 a 21:15,0,route,20:38 ,21:15,-23.5763828,-46.5936727
498,2019-02-20,De 20:15 a 21:15,0,route,20:15 ,21:15,-23.583913,-46.5754847
499,2019-02-20,De 20:35 a 22:00,0,route,20:35 ,22:00,-23.5769344,-46.5842842
500,2019-02-20,De 20:35 a 21:15,0,intersection,20:35 ,21:15,-23.5820075,-46.5617964
501,2019-02-20,De 20:41 a 22:00,0,intransitavel,20:41 ,22:00,-23.5861147,-46.5644521
502,2019-02-20,De 20:43 a 21:15,0,intransitavel,20:43 ,21:15,-23.5843897,-46.5819115
503,2019-02-20,De 20:45 a 21:15,0,intersection,20:45 ,21:15,-23.5849256,-46.5808679
504,2019-02-20,De 20:00 a 20:50,0,intersection,20:00 ,20:50,-23.6159624,-46.6273663
505,2019-02-20,De 20:41 a 22:00,0,intersection,20:41 ,22:00,-23.568072,-46.6091904
506,2019-02-20,De 19:32 a 20:46,0,intersection,19:32 ,20:46,-23.5834742,-46.654522
507,2019-02-20,De 19:32 a 21:15,1,intersection,19:32 ,21:15,-23.6109087,-46.6645219
508,2019-02-20,De 19:35 a 20:50,0,intersection,19:35 ,20:50,-23.601553,-46.6509325
509,2019-02-20,De 20:15 a 22:00,1,transitavel,20:15 ,22:00,-23.5856559,-46.670507
510,2019-02-21,De 19:30 a 20:53,1,transitavel,19:30 ,20:53,-23.5141007,-46.6554282
511,2019-02-21,De 19:47 a 20:01,0,premise,19:47 ,20:01,-23.5116255,-46.6098596
512,2019-02-21,De 18:55 a 20:02,1,transitavel,18:55 ,20:02,-23.5478432,-46.6388302
513,2019-02-21,De 18:57 a 19:44,1,route,18:57 ,19:44,-23.5689122,-46.64086469999999
514,2019-02-21,De 19:16 a 19:42,1,route,19:16 ,19:42,-23.5187464,-46.6300234
515,2019-02-21,De 19:34 a 19:53,0,intransitavel,19:34 ,19:53,-23.5590018,-46.6292699
516,2019-02-21,De 19:35 a 22:36,1,route,19:35 ,22:36,-23.5327749,-46.6312988
517,2019-02-21,De 19:37 a 21:03,1,transitavel,19:37 ,21:03,-23.541819,-46.629386
518,2019-02-21,De 19:48 a 22:36,1,route,19:48 ,22:36,-23.5221195,-46.6348924
519,2019-02-21,De 20:09 a 21:02,1,intersection,20:09 ,21:02,-23.5413011,-46.6284717
520,2019-02-21,De 21:13 a 23:50,1,establishment,21:13 ,23:50,-23.5494504,-46.6306465
521,2019-02-21,De 18:30 a 19:26,0,intersection,18:30 ,19:26,-23.5793251,-46.7102626
522,2019-02-21,De 18:03 a 19:29,1,transitavel,18:03 ,19:29,-23.5233965,-46.6129802
523,2019-02-21,De 18:10 a 18:26,0,intersection,18:10 ,18:26,-23.551899,-46.7411506
524,2019-02-21,De 18:20 a 20:08,0,route,18:20 ,20:08,-23.5245313,-46.75900799999999
525,2019-02-21,De 18:36 a 20:05,0,intersection,18:36 ,20:05,-23.5471814,-46.7359685
526,2019-02-21,De 18:37 a 19:06,1,establishment,18:37 ,19:06,-23.524283,-46.7023772
527,2019-02-21,De 18:51 a 19:36,1,establishment,18:51 ,19:36,-23.5083144,-46.7141659
528,2019-02-21,De 18:52 a 21:58,1,route,18:52 ,21:58,-23.5281283,-46.7414006
529,2019-02-21,De 18:57 a 19:19,0,intransitavel,18:57 ,19:19,-23.52655,-46.680817
530,2019-02-21,De 19:00 a 19:20,1,transitavel,19:00 ,19:20,-23.5270904,-46.68438949999999
531,2019-02-21,De 19:09 a 19:35,1,route,19:09 ,19:35,-23.5409194,-46.741393
532,2019-02-21,De 19:19 a 19:34,1,intersection,19:19 ,19:34,-23.5195747,-46.6741744
533,2019-02-21,De 19:22 a 20:11,0,intransitavel,19:22 ,20:11,-23.5417533,-46.7302259
534,2019-02-21,De 19:36 a 20:05,1,intersection,19:36 ,20:05,-23.551899,-46.7411506
535,2019-02-21,De 18:50 a 20:15,0,intransitavel,18:50 ,20:15,-23.5632409,-46.677999
536,2019-02-21,De 18:59 a 19:43,0,intransitavel,18:59 ,19:43,-23.5686275,-46.6857082
537,2019-02-21,De 19:14 a 20:11,1,route,19:14 ,20:11,-23.5575611,-46.7109394
538,2019-02-21,De 19:31 a 20:13,1,intersection,19:31 ,20:13,-23.5733293,-46.6930868
539,2019-02-21,De 20:15 a 20:17,0,route,20:15 ,20:17,-23.5870513,-46.6896484
540,2019-02-21,De 20:26 a 22:19,1,intersection,20:26 ,22:19,-23.5886531,-46.68204799999999
541,2019-02-21,De 22:27 a 22:44,1,route,22:27 ,22:44,-23.6077583,-46.6973162
542,2019-02-21,De 19:25 a 21:08,1,route,19:25 ,21:08,-23.7944671,-46.5134695
543,2019-02-21,De 22:45 a 23:06,1,intersection,22:45 ,23:06,-23.5393612,-46.5432024
544,2019-02-21,De 23:53 a 00:41,1,intersection,23:53 ,00:41,-23.5274019,-46.5550486
545,2019-02-21,De 19:22 a 22:37,1,street_address,19:22 ,22:37,-23.5340958,-46.6247629
546,2019-02-21,De 19:24 a 21:50,1,establishment,19:24 ,21:50,-23.5318204,-46.5919232
547,2019-02-21,De 19:30 a 20:05,1,intersection,19:30 ,20:05,-23.5364911,-46.5882485
548,2019-02-21,De 19:30 a 22:28,1,intersection,19:30 ,22:28,-23.5380499,-46.5989774
549,2019-02-21,De 20:40 a 22:34,1,route,20:40 ,22:34,-23.5178045,-46.650485
550,2019-02-21,De 19:47 a 20:09,1,intersection,19:47 ,20:09,-23.6669625,-46.7727005
551,2019-02-21,De 18:52 a 20:27,0,street_address,18:52 ,20:27,-23.7738608,-46.7209628
552,2019-02-21,De 04:27 a 04:28,1,intersection,04:27 ,04:28,-23.6631171,-46.7076066
553,2019-02-21,De 19:01 a 19:22,1,intersection,19:01 ,19:22,-23.6814862,-46.69453490000001
554,2019-02-21,De 19:18 a 20:07,1,transitavel,19:18 ,20:07,-23.6629669,-46.70768400000001
555,2019-02-21,De 18:42 a 19:03,0,intransitavel,18:42 ,19:03,-23.5826097,-46.6524367
556,2019-02-21,De 19:17 a 19:24,1,transitavel,19:17 ,19:24,-23.5826097,-46.6524367
557,2019-02-22,De 00:10 a 01:09,0,street_address,00:10 ,01:09,-23.5189771,-46.74919329999999
558,2019-02-22,De 17:45 a 18:00,0,intersection,17:45 ,18:00,-23.5077495,-46.7471724
559,2019-02-22,De 17:56 a 20:47,1,establishment,17:56 ,20:47,-23.5083144,-46.7141659
560,2019-02-22,De 18:09 a 22:46,1,route,18:09 ,22:46,-23.5194146,-46.7483394
561,2019-02-22,De 13:03 a 13:16,1,transitavel,13:03 ,13:16,-23.5914102,-46.6897221
562,2019-02-22,De 13:06 a 16:00,1,establishment,13:06 ,16:00,-23.5721786,-46.7009942
563,2019-02-22,De 17:57 a 22:22,1,route,17:57 ,22:22,-23.5575611,-46.7109394
564,2019-02-22,De 17:59 a 18:54,0,route,17:59 ,18:54,-23.5575611,-46.7109394
565,2019-02-22,De 18:11 a 23:59,1,premise,18:11 ,23:59,-23.5888768,-46.68132139999999
566,2019-02-22,De 17:44 a 21:53,1,intersection,17:44 ,21:53,-23.552072,-46.5769369
567,2019-02-22,De 15:39 a 19:01,1,intersection,15:39 ,19:01,-23.5254518,-46.5564904
568,2019-02-24,De 18:15 a 20:00,1,transitavel,18:15 ,20:00,-23.5367526,-46.6422779
569,2019-02-25,De 19:46 a 20:21,0,street_address,19:46 ,20:21,-23.511353,-46.6102873
570,2019-02-25,De 19:47 a 21:09,1,intersection,19:47 ,21:09,-23.4726383,-46.5714392
571,2019-02-25,De 20:33 a 21:48,1,route,20:33 ,21:48,-23.5178045,-46.650485
572,2019-02-25,De 21:30 a 21:48,1,establishment,21:30 ,21:48,-23.5230976,-46.5582997
573,2019-02-26,De 13:50 a 14:23,1,intersection,13:50 ,14:23,-23.5010365,-46.6869794
574,2019-02-26,De 14:02 a 14:15,1,premise,14:02 ,14:15,-23.5153199,-46.64422709999999
575,2019-02-26,De 15:02 a 15:44,1,intersection,15:02 ,15:44,-23.4065988,-46.7505867
576,2019-02-26,De 08:09 a 11:43,1,street_address,08:09 ,11:43,-23.5152611,-46.6252497
577,2019-02-26,De 01:44 a 03:44,1,intersection,01:44 ,03:44,-23.5370378,-46.6498892
578,2019-02-26,De 02:49 a 03:02,0,intransitavel,02:49 ,03:02,-23.550503,-46.646139
579,2019-02-26,De 07:14 a 16:57,1,intersection,07:14 ,16:57,-23.5364131,-46.64242609999999
580,2019-02-26,De 07:51 a 17:05,1,intersection,07:51 ,17:05,-23.5427039,-46.6268799
581,2019-02-26,De 08:29 a 17:02,1,intersection,08:29 ,17:02,-23.5483872,-46.6432919
582,2019-02-26,De 15:00 a 17:50,1,intersection,15:00 ,17:50,-23.5228991,-46.63029849999999
583,2019-02-26,De 15:04 a 17:11,1,street_address,15:04 ,17:11,-23.5230234,-46.6302513
584,2019-02-26,De 02:50 a 02:51,1,transitavel,02:50 ,02:51,-23.59924,-46.697105
585,2019-02-26,De 03:06 a 03:35,1,intersection,03:06 ,03:35,-23.6053438,-46.6990833
586,2019-02-26,De 07:51 a 08:39,1,street_address,07:51 ,08:39,-23.5981316,-46.6971496
587,2019-02-26,De 02:38 a 03:00,1,intersection,02:38 ,03:00,-23.5195747,-46.6741744
588,2019-02-26,De 04:00 a 04:26,1,intersection,04:00 ,04:26,-23.5202485,-46.7478851
589,2019-02-26,De 04:20 a 10:24,1,street_address,04:20 ,10:24,-23.5189771,-46.74919329999999
590,2019-02-26,De 07:42 a 09:30,1,establishment,07:42 ,09:30,-23.5203855,-46.7469107
591,2019-02-26,De 08:06 a 16:52,0,intersection,08:06 ,16:52,-23.5077495,-46.7471724
592,2019-02-26,De 02:53 a 10:59,1,route,02:53 ,10:59,-23.5575611,-46.7109394
593,2019-02-26,De 02:59 a 04:19,0,route,02:59 ,04:19,-23.6077583,-46.6973162
594,2019-02-26,De 03:18 a 04:34,0,route,03:18 ,04:34,-23.5832055,-46.68635769999999
595,2019-02-26,De 03:27 a 03:30,1,intersection,03:27 ,03:30,-23.5881265,-46.6905352
596,2019-02-26,De 05:25 a 05:27,1,establishment,05:25 ,05:27,-23.5210538,-46.7491329
597,2019-02-26,De 06:20 a 10:02,1,intersection,06:20 ,10:02,-23.5898417,-46.6930118
598,2019-02-26,De 06:31 a 10:05,1,intersection,06:31 ,10:05,-23.5904283,-46.6912605
599,2019-02-26,De 07:15 a 10:04,1,route,07:15 ,10:04,-23.6077583,-46.6973162
600,2019-02-26,De 08:24 a 08:28,1,intersection,08:24 ,08:28,-23.5978165,-46.6738666
601,2019-02-26,De 05:13 a 08:00,1,intersection,05:13 ,08:00,-23.5414483,-46.5351209
602,2019-02-26,De 05:13 a 08:00,1,intersection,05:13 ,08:00,-23.5414483,-46.5351209
603,2019-02-26,De 05:17 a 15:43,1,intersection,05:17 ,15:43,-23.5480634,-46.5261307
604,2019-02-26,De 05:56 a 06:02,1,transitavel,05:56 ,06:02,-23.538154,-46.450408
605,2019-02-26,De 06:26 a 06:34,1,intersection,06:26 ,06:34,-23.5431983,-46.587157
606,2019-02-26,De 08:39 a 09:00,1,intersection,08:39 ,09:00,-23.5431983,-46.587157
607,2019-02-26,De 05:09 a 07:26,0,intersection,05:09 ,07:26,-23.5254518,-46.5564904
608,2019-02-26,De 09:20 a 09:24,1,establishment,09:20 ,09:24,-23.5230976,-46.5582997
609,2019-02-26,De 06:26 a 10:03,1,route,06:26 ,10:03,-23.5974359,-46.6972704
610,2019-02-26,De 06:23 a 06:32,1,intersection,06:23 ,06:32,-23.6396223,-46.74498740000001
611,2019-02-26,De 06:19 a 07:08,1,intersection,06:19 ,07:08,-23.6618529,-46.7063713
612,2019-02-26,De 03:35 a 03:55,1,route,03:35 ,03:55,-23.5807086,-46.7438758
613,2019-02-26,De 07:44 a 08:17,1,intersection,07:44 ,08:17,-23.5685285,-46.6078912
614,2019-02-26,De 10:07 a 10:18,1,intersection,10:07 ,10:18,-23.6960174,-46.6501787
615,2019-02-26,De 02:37 a 03:17,0,intersection,02:37 ,03:17,-23.5834742,-46.654522
616,2019-02-26,De 04:49 a 04:49,0,intersection,04:49 ,04:49,-23.5834742,-46.654522
617,2019-02-26,De 04:53 a 04:59,0,intersection,04:53 ,04:59,-23.5834742,-46.654522
618,2019-02-27,De 20:30 a 21:01,0,intersection,20:30 ,21:01,-23.5039206,-46.6846383
619,2019-02-28,De 12:03 a 15:37,1,transitavel,12:03 ,15:37,-23.5189326,-46.6547652
620,2019-02-28,De 12:18 a 15:37,1,transitavel,12:18 ,15:37,-23.5189326,-46.6547652
621,2019-02-28,De 02:10 a 02:18,1,intersection,02:10 ,02:18,-23.5370378,-46.6498892
622,2019-02-28,De 09:36 a 12:08,1,intersection,09:36 ,12:08,-23.5881265,-46.6905352
623,2019-02-28,De 11:49 a 12:03,1,transitavel,11:49 ,12:03,-23.572807,-46.70226780000001
624,2019-02-28,De 11:56 a 14:13,1,intersection,11:56 ,14:13,-23.5898417,-46.6930118
625,2019-02-28,De 09:38 a 14:54,1,route,09:38 ,14:54,-23.5974359,-46.6972704
626,2019-02-28,De 11:43 a 14:13,1,intersection,11:43 ,14:13,-23.6361875,-46.7224973
627,2019-03-02,De 19:16 a 22:58,0,route,19:16 ,22:58,-23.5179509,-46.64946399999999
628,2019-03-02,De 23:06 a 02:11,1,transitavel,23:06 ,02:11,-23.5134915,-46.6677481
629,2019-03-02,De 18:52 a 22:51,1,route,18:52 ,22:51,-23.5178045,-46.650485
630,2019-03-02,De 18:57 a 22:53,1,route,18:57 ,22:53,-23.5187464,-46.6300234
631,2019-03-02,De 19:13 a 19:23,1,transitavel,19:13 ,19:23,-23.5367526,-46.6422779
632,2019-03-02,De 19:23 a 00:09,0,intransitavel,19:23 ,00:09,-23.5493015,-46.6393521
633,2019-03-02,De 19:29 a 20:42,1,route,19:29 ,20:42,-23.5450933,-46.6367485
634,2019-03-02,De 19:43 a 19:55,0,intersection,19:43 ,19:55,-23.5504292,-46.6381386
635,2019-03-02,De 19:57 a 20:36,0,route,19:57 ,20:36,-23.5178045,-46.650485
636,2019-03-02,De 20:01 a 21:09,0,route,20:01 ,21:09,-23.5187464,-46.6300234
637,2019-03-02,De 20:28 a 20:43,1,intersection,20:28 ,20:43,-23.5375715,-46.64175119999999
638,2019-03-02,De 19:45 a 01:58,0,route,19:45 ,01:58,-23.5727389,-46.7013307
639,2019-03-02,De 19:51 a 23:15,1,intersection,19:51 ,23:15,-23.5793251,-46.7102626
640,2019-03-02,De 19:55 a 23:16,1,intersection,19:55 ,23:16,-23.5866212,-46.7242657
641,2019-03-02,De 19:59 a 23:17,1,intersection,19:59 ,23:17,-23.589723,-46.73523840000001
642,2019-03-02,De 20:10 a 02:01,0,route,20:10 ,02:01,-23.5578715,-46.7144106
643,2019-03-02,De 20:10 a 01:57,1,transitavel,20:10 ,01:57,-23.6127701,-46.6988729
644,2019-03-02,De 20:22 a 01:55,1,route,20:22 ,01:55,-23.5866554,-46.6914666
645,2019-03-02,De 18:44 a 21:48,0,route,18:44 ,21:48,-23.5249657,-46.6936013
646,2019-03-02,De 18:52 a 19:49,0,establishment,18:52 ,19:49,-23.524283,-46.7023772
647,2019-03-02,De 19:04 a 21:47,0,intransitavel,19:04 ,21:47,-23.522339,-46.696246
648,2019-03-02,De 19:09 a 22:03,0,intransitavel,19:09 ,22:03,-23.5187295,-46.67408570000001
649,2019-03-02,De 19:14 a 02:20,1,transitavel,19:14 ,02:20,-23.5510944,-46.7218187
650,2019-03-02,De 19:17 a 19:52,0,intransitavel,19:17 ,19:52,-23.52655,-46.680817
651,2019-03-02,De 19:20 a 19:53,0,route,19:20 ,19:53,-23.5281579,-46.6821344
652,2019-03-02,De 19:50 a 01:57,1,establishment,19:50 ,01:57,-23.5188403,-46.7429316
653,2019-03-02,De 19:54 a 21:51,0,intransitavel,19:54 ,21:51,-23.5209139,-46.7012625
654,2019-03-02,De 19:55 a 21:51,0,intersection,19:55 ,21:51,-23.5205151,-46.701867
655,2019-03-02,De 20:08 a 21:11,1,route,20:08 ,21:11,-23.5178045,-46.650485
656,2019-03-02,De 19:24 a 02:02,1,route,19:24 ,02:02,-23.5575611,-46.7109394
657,2019-03-02,De 19:30 a 20:52,1,route,19:30 ,20:52,-23.5575611,-46.7109394
658,2019-03-02,De 19:30 a 20:52,1,route,19:30 ,20:52,-23.5575611,-46.7109394
659,2019-03-02,De 19:52 a 01:40,1,route,19:52 ,01:40,-23.5575611,-46.7109394
660,2019-03-02,De 19:52 a 01:40,1,route,19:52 ,01:40,-23.5575611,-46.7109394
661,2019-03-02,De 20:19 a 01:56,0,route,20:19 ,01:56,-23.568299,-46.70218140000001
662,2019-03-02,De 20:32 a 01:40,1,establishment,20:32 ,01:40,-23.567176,-46.6931321
663,2019-03-02,De 21:20 a 03:04,1,street_address,21:20 ,03:04,-23.5476484,-46.5790292
664,2019-03-02,De 19:02 a 21:27,1,street_address,19:02 ,21:27,-23.6048086,-46.510243
665,2019-03-02,De 20:13 a 21:11,0,establishment,20:13 ,21:11,-23.6181633,-46.7009973
666,2019-03-02,De 20:18 a 21:12,0,establishment,20:18 ,21:12,-23.6181633,-46.7009973
667,2019-03-02,De 20:30 a 02:57,1,route,20:30 ,02:57,-23.553904,-46.7189479
668,2019-03-02,De 20:32 a 01:54,0,establishment,20:32 ,01:54,-23.6650099,-46.7103192
669,2019-03-02,De 20:35 a 01:54,0,establishment,20:35 ,01:54,-23.6650099,-46.7103192
670,2019-03-02,De 21:08 a 19:50,1,intersection,21:08 ,19:50,-23.6264229,-46.6874891
671,2019-03-02,De 19:01 a 19:27,1,intersection,19:01 ,19:27,-23.5834742,-46.654522
672,2019-03-02,De 19:05 a 19:47,0,intransitavel,19:05 ,19:47,-23.5826097,-46.6524367
673,2019-03-03,De 17:09 a 17:18,1,intersection,17:09 ,17:18,-23.4779581,-46.56112539999999
674,2019-03-03,De 16:23 a 16:38,0,intransitavel,16:23 ,16:38,-23.5687612,-46.5053001
675,2019-03-03,De 15:32 a 17:43,0,route,15:32 ,17:43,-23.5469773,-46.6037748
676,2019-03-03,De 15:44 a 18:15,1,route,15:44 ,18:15,-23.5178045,-46.650485
677,2019-03-03,De 16:02 a 16:52,1,route,16:02 ,16:52,-23.5264829,-46.5282733
678,2019-03-03,De 16:45 a 16:22,0,intersection,16:45 ,16:22,-23.514713,-46.5198876
679,2019-03-03,De 14:46 a 15:37,1,route,14:46 ,15:37,-23.6077583,-46.6973162
680,2019-03-03,De 15:19 a 16:41,0,intransitavel,15:19 ,16:41,-23.618388,-46.626645
681,2019-03-03,De 15:37 a 16:00,0,route,15:37 ,16:00,-23.6190603,-46.6280469
682,2019-03-04,De 18:23 a 19:46,1,transitavel,18:23 ,19:46,-23.70346,-46.686053
683,2019-03-04,De 17:19 a 19:22,1,route,17:19 ,19:22,-23.6077583,-46.6973162
684,2019-03-05,De 18:32 a 18:54,0,establishment,18:32 ,18:54,-23.5282312,-46.5850775
685,2019-03-05,De 18:12 a 21:09,1,intersection,18:12 ,21:09,-23.5479484,-46.6308635
686,2019-03-05,De 18:20 a 21:16,1,street_address,18:20 ,21:16,-23.5403107,-46.627591
687,2019-03-05,De 18:24 a 21:16,1,intersection,18:24 ,21:16,-23.5399147,-46.63072529999999
688,2019-03-05,De 18:24 a 21:17,1,intersection,18:24 ,21:17,-23.5404284,-46.6295011
689,2019-03-05,De 18:37 a 20:33,0,intransitavel,18:37 ,20:33,-23.5586635,-46.6293628
690,2019-03-05,De 18:48 a 19:02,0,intersection,18:48 ,19:02,-23.6019988,-46.7185669
691,2019-03-05,De 18:05 a 18:24,0,route,18:05 ,18:24,-23.5575611,-46.7109394
692,2019-03-05,De 18:08 a 20:26,1,transitavel,18:08 ,20:26,-23.543408,-46.5842897
693,2019-03-05,De 18:15 a 18:53,1,establishment,18:15 ,18:53,-23.5318204,-46.5919232
694,2019-03-05,De 18:18 a 20:28,0,intransitavel,18:18 ,20:28,-23.5368572,-46.5891558
695,2019-03-05,De 19:34 a 19:29,0,intersection,19:34 ,19:29,-23.6618529,-46.7063713
696,2019-03-06,De 07:48 a 11:23,1,intersection,07:48 ,11:23,-23.5725782,-46.7045018
697,2019-03-06,De 23:33 a 00:19,1,intersection,23:33 ,00:19,-23.5253389,-46.5625138
698,2019-03-06,De 16:19 a 19:30,0,intersection,16:19 ,19:30,-23.6970651,-46.6722001
699,2019-03-06,De 16:21 a 20:38,1,street_address,16:21 ,20:38,-23.6947847,-46.6557431
700,2019-03-06,De 16:37 a 17:14,1,intersection,16:37 ,17:14,-23.6964778,-46.6751477
701,2019-03-06,De 16:53 a 19:51,0,route,16:53 ,19:51,-23.679293,-46.6847117
702,2019-03-06,De 17:22 a 19:54,0,route,17:22 ,19:54,-23.6908195,-46.6862236
703,2019-03-06,De 17:05 a 18:30,0,street_address,17:05 ,18:30,-23.6404846,-46.7403745
704,2019-03-06,De 17:33 a 17:45,1,establishment,17:33 ,17:45,-23.6161689,-46.7546078
705,2019-03-06,De 16:36 a 17:26,0,premise,16:36 ,17:26,-23.6650434,-46.7215608
706,2019-03-06,De 16:40 a 17:59,1,establishment,16:40 ,17:59,-23.6650099,-46.7103192
707,2019-03-06,De 17:43 a 18:59,0,intersection,17:43 ,18:59,-23.7537168,-46.6873751
708,2019-03-06,De 17:50 a 18:15,0,premise,17:50 ,18:15,-23.7733113,-46.718691
709,2019-03-06,De 18:14 a 19:32,1,intersection,18:14 ,19:32,-23.7069271,-46.7130301
710,2019-03-06,De 16:35 a 17:49,0,establishment,16:35 ,17:49,-23.6731265,-46.7422547
711,2019-03-06,De 16:35 a 17:48,0,establishment,16:35 ,17:48,-23.6739593,-46.7460978
712,2019-03-06,De 16:36 a 18:13,0,intersection,16:36 ,18:13,-23.6618529,-46.7063713
713,2019-03-06,De 17:08 a 17:59,0,intransitavel,17:08 ,17:59,-23.6852309,-46.7699317
714,2019-03-06,De 16:22 a 19:31,1,transitavel,16:22 ,19:31,-23.631633,-46.671087
715,2019-03-06,De 16:28 a 17:51,0,locality,16:28 ,17:51,-20.4697105,-54.6201211
716,2019-03-06,De 16:33 a 19:55,0,route,16:33 ,19:55,-23.6242558,-46.694804
717,2019-03-06,De 16:38 a 18:35,0,route,16:38 ,18:35,-23.5575611,-46.7109394
718,2019-03-06,De 17:33 a 18:59,0,intersection,17:33 ,18:59,-23.6918771,-46.674338
719,2019-03-07,De 15:35 a 17:18,0,premise,15:35 ,17:18,-23.5116255,-46.6098596
720,2019-03-07,De 15:27 a 15:46,1,street_address,15:27 ,15:46,-23.515543,-46.649546
721,2019-03-07,De 15:45 a 16:11,1,street_address,15:45 ,16:11,-23.5155591,-46.6479239
722,2019-03-07,De 16:48 a 19:21,1,intersection,16:48 ,19:21,-23.5382858,-46.6412357
723,2019-03-07,De 17:34 a 17:58,1,intersection,17:34 ,17:58,-23.5427039,-46.6268799
724,2019-03-07,De 17:38 a 19:23,1,intersection,17:38 ,19:23,-23.5404284,-46.6295011
725,2019-03-07,De 17:42 a 19:41,1,street_address,17:42 ,19:41,-23.5420534,-46.64260789999999
726,2019-03-07,De 17:58 a 19:21,1,street_address,17:58 ,19:21,-23.5378532,-46.6415005
727,2019-03-07,De 18:02 a 19:22,1,street_address,18:02 ,19:22,-23.5384049,-46.6407529
728,2019-03-07,De 15:17 a 16:34,1,route,15:17 ,16:34,-23.5178045,-46.650485
729,2019-03-07,De 15:29 a 15:47,1,transitavel,15:29 ,15:47,-23.5884788,-46.5447304
730,2019-03-07,De 15:29 a 15:51,1,route,15:29 ,15:51,-23.5575611,-46.7109394
731,2019-03-09,De 17:59 a 18:56,1,establishment,17:59 ,18:56,-23.4955135,-46.6789625
732,2019-03-09,De 17:13 a 19:23,1,route,17:13 ,19:23,-23.5187464,-46.6300234
733,2019-03-09,De 17:59 a 18:34,1,route,17:59 ,18:34,-23.5450933,-46.6367485
734,2019-03-09,De 18:48 a 20:30,1,intersection,18:48 ,20:30,-23.5793251,-46.7102626
735,2019-03-09,De 19:37 a 01:05,1,route,19:37 ,01:05,-23.5322829,-46.6581659
736,2019-03-09,De 19:54 a 01:06,1,transitavel,19:54 ,01:06,-23.5367526,-46.6422779
737,2019-03-09,De 23:41 a 23:44,1,intersection,23:41 ,23:44,-23.5427039,-46.6268799
738,2019-03-09,De 18:29 a 22:29,1,transitavel,18:29 ,22:29,-23.6127701,-46.6988729
739,2019-03-09,De 18:33 a 01:42,1,intersection,18:33 ,01:42,-23.6108492,-46.700382
740,2019-03-09,De 19:58 a 20:30,1,transitavel,19:58 ,20:30,-23.5864568,-46.7239982
741,2019-03-09,De 20:13 a 20:30,1,route,20:13 ,20:30,-23.5766818,-46.7076473
742,2019-03-09,De 20:52 a 01:42,1,route,20:52 ,01:42,-23.5727389,-46.7013307
743,2019-03-09,De 17:49 a 19:53,1,transitavel,17:49 ,19:53,-23.5187295,-46.67408570000001
744,2019-03-09,De 18:05 a 20:35,1,route,18:05 ,20:35,-23.5832055,-46.68635769999999
745,2019-03-09,De 18:18 a 19:58,1,route,18:18 ,19:58,-23.553904,-46.7189479
746,2019-03-09,De 18:29 a 22:15,1,transitavel,18:29 ,22:15,-23.6170923,-46.69921009999999
747,2019-03-09,De 18:44 a 20:16,1,transitavel,18:44 ,20:16,-23.5953342,-46.68926769999999
748,2019-03-09,De 20:19 a 22:22,1,route,20:19 ,22:22,-23.5575611,-46.7109394
749,2019-03-09,De 21:29 a 07:15,1,route,21:29 ,07:15,-23.5877258,-46.6934116
750,2019-03-09,De 21:54 a 02:27,1,premise,21:54 ,02:27,-23.5893797,-46.6812881
751,2019-03-09,De 18:00 a 18:36,0,intersection,18:00 ,18:36,-23.5400925,-46.61158589999999
752,2019-03-09,De 18:33 a 19:16,1,street_address,18:33 ,19:16,-23.5847779,-46.6695582
753,2019-03-09,De 18:46 a 20:34,1,transitavel,18:46 ,20:34,-23.5856559,-46.670507
754,2019-03-10,De 23:46 a 11:28,0,route,23:46 ,11:28,-23.5179509,-46.64946399999999
755,2019-03-10,De 23:51 a 12:12,0,route,23:51 ,12:12,-23.5179509,-46.64946399999999
756,2019-03-10,De 21:53 a 00:19,1,transitavel,21:53 ,00:19,-23.5478432,-46.6388302
757,2019-03-10,De 21:58 a 01:34,1,intersection,21:58 ,01:34,-23.5562328,-46.6284457
758,2019-03-10,De 22:45 a 01:30,1,establishment,22:45 ,01:30,-23.5630648,-46.61081220000001
759,2019-03-10,De 23:23 a 17:52,0,route,23:23 ,17:52,-23.5589774,-46.6246656
760,2019-03-10,De 23:36 a 06:17,1,route,23:36 ,06:17,-23.5187464,-46.6300234
761,2019-03-10,De 22:29 a 08:40,1,route,22:29 ,08:40,-23.5178045,-46.650485
762,2019-03-10,De 22:23 a 22:23,1,transitavel,22:23 ,22:23,-23.5826308,-46.6852498
763,2019-03-10,De 22:33 a 23:16,1,intersection,22:33 ,23:16,-23.5441466,-46.53109320000001
764,2019-03-10,De 22:42 a 01:30,1,intersection,22:42 ,01:30,-23.5550119,-46.5171162
765,2019-03-10,De 22:36 a 23:15,1,street_address,22:36 ,23:15,-23.558842,-46.51329399999999
766,2019-03-10,De 22:42 a 01:13,1,intersection,22:42 ,01:13,-23.5372818,-46.4570324
767,2019-03-10,De 22:47 a 01:16,1,route,22:47 ,01:16,-23.5572835,-46.51984359999999
768,2019-03-10,De 21:30 a 12:33,0,intersection,21:30 ,12:33,-23.5830026,-46.5733797
769,2019-03-10,De 21:42 a 12:33,0,route,21:42 ,12:33,-23.5902154,-46.5438071
770,2019-03-10,De 21:44 a 23:16,1,street_address,21:44 ,23:16,-23.5838733,-46.585016
771,2019-03-10,De 23:18 a 00:20,1,establishment,23:18 ,00:20,-23.555127,-46.6412327
772,2019-03-10,De 22:43 a 01:10,1,street_address,22:43 ,01:10,-23.6259427,-46.688984
773,2019-03-10,De 23:18 a 00:20,1,route,23:18 ,00:20,-23.6242558,-46.694804
774,2019-03-10,De 23:22 a 00:54,1,transitavel,23:22 ,00:54,-23.6222227,-46.69609879999999
775,2019-03-10,De 23:32 a 00:20,1,intersection,23:32 ,00:20,-23.6264229,-46.6874891
776,2019-03-10,De 21:10 a 06:10,0,intersection,21:10 ,06:10,-23.6159624,-46.6273663
777,2019-03-10,De 21:40 a 06:10,0,intersection,21:40 ,06:10,-23.6224124,-46.6282342
778,2019-03-10,De 21:38 a 06:10,0,intransitavel,21:38 ,06:10,-23.6198203,-46.627044
779,2019-03-10,De 21:40 a 00:50,0,route,21:40 ,00:50,-23.6190603,-46.6280469
780,2019-03-10,De 21:44 a 00:51,0,intersection,21:44 ,00:51,-23.6193201,-46.62772890000001
781,2019-03-11,De 02:52 a 07:32,1,establishment,02:52 ,07:32,-23.5153037,-46.6667883
782,2019-03-11,De 03:49 a 06:30,1,transitavel,03:49 ,06:30,-23.5124643,-46.67506160000001
783,2019-03-11,De 03:49 a 03:54,0,establishment,03:49 ,03:54,-23.5091074,-46.6896838
784,2019-03-11,De 04:49 a 08:48,1,transitavel,04:49 ,08:48,-23.5189326,-46.6547652
785,2019-03-11,De 05:11 a 12:03,1,establishment,05:11 ,12:03,-23.5276862,-46.5970157
786,2019-03-11,De 08:10 a 13:11,1,premise,08:10 ,13:11,-23.5060591,-46.71635000000001
787,2019-03-11,De 08:22 a 09:40,1,street_address,08:22 ,09:40,-23.5068088,-46.7127037
788,2019-03-11,De 04:15 a 10:57,1,intersection,04:15 ,10:57,-23.5115762,-46.6249014
789,2019-03-11,De 05:40 a 10:31,1,street_address,05:40 ,10:31,-23.5157253,-46.6404566
790,2019-03-11,De 08:47 a 09:51,0,intersection,08:47 ,09:51,-23.5157781,-46.650173
791,2019-03-11,De 08:48 a 09:50,0,intersection,08:48 ,09:50,-23.5151388,-46.6412765
792,2019-03-11,De 01:33 a 11:24,0,intersection,01:33 ,11:24,-23.5631722,-46.6122119
793,2019-03-11,De 04:00 a 09:49,0,intransitavel,04:00 ,09:49,-23.5202114,-46.62777699999999
794,2019-03-11,De 04:45 a 08:44,1,intersection,04:45 ,08:44,-23.5303702,-46.6264675
795,2019-03-11,De 05:27 a 11:05,0,establishment,05:27 ,11:05,-23.5195548,-46.6298885
796,2019-03-11,De 06:18 a 12:49,0,route,06:18 ,12:49,-23.5554103,-46.6190897
797,2019-03-11,De 06:37 a 07:35,0,premise,06:37 ,07:35,-23.522338,-46.6494644
798,2019-03-11,De 07:05 a 10:16,1,intersection,07:05 ,10:16,-23.5224357,-46.6492681
799,2019-03-11,De 07:39 a 09:57,0,intersection,07:39 ,09:57,-23.5229582,-46.6505277
800,2019-03-11,De 07:43 a 08:16,1,intersection,07:43 ,08:16,-23.5235379,-46.6486524
801,2019-03-11,De 07:54 a 09:49,1,route,07:54 ,09:49,-23.5179509,-46.64946399999999
802,2019-03-11,De 07:54 a 09:49,0,route,07:54 ,09:49,-23.5179509,-46.64946399999999
803,2019-03-11,De 08:26 a 11:58,0,intersection,08:26 ,11:58,-23.5230904,-46.6554938
804,2019-03-11,De 08:30 a 11:58,0,intersection,08:30 ,11:58,-23.5196793,-46.656146
805,2019-03-11,De 08:38 a 10:52,0,intersection,08:38 ,10:52,-23.5207413,-46.6542729
806,2019-03-11,De 08:42 a 11:26,0,intersection,08:42 ,11:26,-23.5548443,-46.6240929
807,2019-03-11,De 08:46 a 11:56,0,intersection,08:46 ,11:56,-23.522032,-46.655503
808,2019-03-11,De 09:15 a 09:29,0,route,09:15 ,09:29,-23.5590648,-46.624708
809,2019-03-11,De 07:47 a 11:19,1,street_address,07:47 ,11:19,-23.5778301,-46.7016797
810,2019-03-11,De 01:44 a 08:03,1,route,01:44 ,08:03,-23.5245313,-46.75900799999999
811,2019-03-11,De 02:39 a 10:19,0,intransitavel,02:39 ,10:19,-23.512302,-46.7267119
812,2019-03-11,De 02:45 a 07:32,1,establishment,02:45 ,07:32,-23.5083144,-46.7141659
813,2019-03-11,De 02:48 a 10:23,1,transitavel,02:48 ,10:23,-23.512959,-46.68271679999999
814,2019-03-11,De 03:02 a 07:59,1,establishment,03:02 ,07:59,-23.5456891,-46.7343506
815,2019-03-11,De 03:23 a 07:59,1,establishment,03:23 ,07:59,-23.5344059,-46.7500829
816,2019-03-11,De 03:57 a 07:39,1,transitavel,03:57 ,07:39,-23.513204,-46.68411589999999
817,2019-03-11,De 04:11 a 06:25,1,establishment,04:11 ,06:25,-23.5091074,-46.6896838
818,2019-03-11,De 05:13 a 12:00,0,intersection,05:13 ,12:00,-23.5216144,-46.66750039999999
819,2019-03-11,De 06:50 a 09:09,0,intersection,06:50 ,09:09,-23.5221478,-46.663137
820,2019-03-11,De 06:54 a 10:47,0,intersection,06:54 ,10:47,-23.5215432,-46.6669695
821,2019-03-11,De 08:30 a 08:54,1,premise,08:30 ,08:54,-23.5310469,-46.7447481
822,2019-03-11,De 08:35 a 09:53,0,intersection,08:35 ,09:53,-23.5272478,-46.7402334
823,2019-03-11,De 08:58 a 09:09,0,intersection,08:58 ,09:09,-23.5221478,-46.663137
824,2019-03-11,De 10:01 a 10:22,0,route,10:01 ,10:22,-23.5165363,-46.6539715
825,2019-03-11,De 13:26 a 17:10,0,route,13:26 ,17:10,-23.5254268,-46.7411592
826,2019-03-11,De 01:57 a 08:04,1,intersection,01:57 ,08:04,-23.6065062,-46.6969314
827,2019-03-11,De 04:54 a 08:58,1,intersection,04:54 ,08:58,-23.5956701,-46.6907813
828,2019-03-11,De 04:56 a 08:09,1,route,04:56 ,08:09,-23.6077583,-46.6973162
829,2019-03-11,De 08:14 a 10:52,0,route,08:14 ,10:52,-23.5207575,-46.6549674
830,2019-03-11,De 08:30 a 14:09,1,intersection,08:30 ,14:09,-23.5370378,-46.6498892
831,2019-03-11,De 01:08 a 01:30,0,intersection,01:08 ,01:30,-23.5441466,-46.53109320000001
832,2019-03-11,De 14:24 a 16:43,1,street_address,14:24 ,16:43,-23.5410599,-46.45603330000001
833,2019-03-11,De 06:12 a 09:56,0,intersection,06:12 ,09:56,-23.5252331,-46.6141722
834,2019-03-11,De 01:41 a 08:13,0,intersection,01:41 ,08:13,-23.584403,-46.5864655
835,2019-03-11,De 06:24 a 09:57,0,intersection,06:24 ,09:57,-23.5830026,-46.5733797
836,2019-03-11,De 06:48 a 11:23,0,intersection,06:48 ,11:23,-23.5853633,-46.5876672
837,2019-03-11,De 07:20 a 13:44,0,intersection,07:20 ,13:44,-23.5815101,-46.5951814
838,2019-03-11,De 08:15 a 11:46,0,street_address,08:15 ,11:46,-23.6017428,-46.573405
839,2019-03-11,De 08:47 a 12:08,0,street_address,08:47 ,12:08,-23.5919448,-46.5886573
840,2019-03-11,De 15:46 a 17:41,1,intersection,15:46 ,17:41,-23.600377,-46.576894
841,2019-03-11,De 00:19 a 01:04,0,establishment,00:19 ,01:04,-23.555127,-46.6412327
842,2019-03-11,De 07:09 a 08:37,1,intersection,07:09 ,08:37,-23.5826871,-46.5998274
843,2019-03-12,De 18:00 a 18:50,0,intersection,18:00 ,18:50,-23.4953168,-46.6613718
844,2019-03-12,De 18:35 a 18:42,1,intersection,18:35 ,18:42,-23.5093563,-46.66569519999999
845,2019-03-12,De 17:50 a 18:50,0,intersection,17:50 ,18:50,-23.4726383,-46.5714392
846,2019-03-12,De 19:47 a 19:55,1,intersection,19:47 ,19:55,-23.4785124,-46.6213303
847,2019-03-12,De 19:09 a 19:28,1,transitavel,19:09 ,19:28,-23.6015447,-46.698533
848,2019-03-12,De 19:45 a 18:57,1,premise,19:45 ,18:57,-23.6012749,-46.6980412
849,2019-03-12,De 19:45 a 19:18,1,intersection,19:45 ,19:18,-23.6053438,-46.6990833
850,2019-03-12,De 18:11 a 18:41,1,transitavel,18:11 ,18:41,-23.5125928,-46.68441259999999
851,2019-03-12,De 18:33 a 18:44,1,premise,18:33 ,18:44,-23.5182063,-46.668077
852,2019-03-12,De 17:57 a 18:59,0,street_address,17:57 ,18:59,-23.5420685,-46.4111576
853,2019-03-14,De 18:52 a 19:28,1,establishment,18:52 ,19:28,-23.6120494,-46.6776531
854,2019-03-14,De 18:55 a 19:04,1,intersection,18:55 ,19:04,-23.6537565,-46.720741
855,2019-03-14,De 18:55 a 19:14,1,establishment,18:55 ,19:14,-23.6650099,-46.7103192
856,2019-03-14,De 19:11 a 19:32,1,transitavel,19:11 ,19:32,-23.6258992,-46.6254361
857,2019-03-17,De 14:37 a 14:41,1,street_address,14:37 ,14:41,-23.53704,-46.649866
858,2019-03-17,De 14:43 a 18:24,1,transitavel,14:43 ,18:24,-23.5134915,-46.6677481
859,2019-03-17,De 14:53 a 15:10,0,street_address,14:53 ,15:10,-23.5557056,-46.7506488
860,2019-03-17,De 15:47 a 16:55,0,street_address,15:47 ,16:55,-23.5323161,-46.672379
861,2019-03-17,De 16:10 a 20:27,1,intersection,16:10 ,20:27,-23.5378537,-46.4560667
862,2019-03-17,De 15:53 a 16:07,0,intersection,15:53 ,16:07,-23.6615042,-46.6793997
863,2019-03-17,De 15:42 a 17:00,0,intersection,15:42 ,17:00,-23.6382072,-46.7408906
864,2019-03-17,De 16:03 a 16:41,0,premise,16:03 ,16:41,-23.6650434,-46.7215608
865,2019-03-17,De 16:25 a 16:34,0,intransitavel,16:25 ,16:34,-23.6462217,-46.7291277
866,2019-03-17,De 17:06 a 19:13,0,street_address,17:06 ,19:13,-23.79262,-46.7281488
867,2019-03-17,De 15:49 a 16:45,0,street_address,15:49 ,16:45,-23.6619281,-46.7065908
868,2019-03-17,De 16:10 a 17:28,1,intersection,16:10 ,17:28,-23.6522565,-46.7228707
869,2019-03-19,De 19:30 a 19:47,1,street_address,19:30 ,19:47,-23.4305918,-46.720993
870,2019-03-19,De 17:50 a 19:04,1,intersection,17:50 ,19:04,-23.5636059,-46.6460558
871,2019-03-19,De 18:07 a 18:56,1,route,18:07 ,18:56,-23.5629636,-46.6400328
872,2019-03-19,De 18:23 a 19:07,1,intersection,18:23 ,19:07,-23.5679585,-46.6465188
873,2019-03-19,De 17:40 a 18:19,1,route,17:40 ,18:19,-23.5152999,-46.6585136
874,2019-03-19,De 17:37 a 18:20,1,transitavel,17:37 ,18:20,-23.5914102,-46.6897221
875,2019-03-19,De 17:45 a 18:19,1,route,17:45 ,18:19,-23.6077583,-46.6973162
876,2019-03-19,De 18:41 a 19:45,1,intersection,18:41 ,19:45,-23.5366178,-46.5889416
877,2019-03-20,De 07:44 a 07:59,1,intersection,07:44 ,07:59,-23.5370378,-46.6498892
878,2019-03-20,De 10:07 a 11:34,1,street_address,10:07 ,11:34,-23.5301978,-46.5984999
879,2019-03-20,De 07:02 a 07:25,1,intersection,07:02 ,07:25,-23.6953492,-46.67719779999999
880,2019-03-21,De 04:58 a 08:36,0,route,04:58 ,08:36,-23.6077583,-46.6973162
881,2019-03-21,De 04:59 a 08:36,0,intersection,04:59 ,08:36,-23.5881265,-46.6905352
882,2019-03-21,De 05:27 a 08:37,1,intersection,05:27 ,08:37,-23.5904283,-46.6912605
883,2019-03-21,De 05:30 a 08:37,1,route,05:30 ,08:37,-23.5974359,-46.6972704
884,2019-03-28,De 08:44 a 08:47,1,intersection,08:44 ,08:47,-23.5356089,-46.65094999999999
885,2019-04-06,De 14:39 a 16:09,1,route,14:39 ,16:09,-23.5412119,-46.6387939
886,2019-04-06,De 14:45 a 16:08,1,transitavel,14:45 ,16:08,-23.5367526,-46.6422779
887,2019-04-06,De 15:08 a 16:00,0,route,15:08 ,16:00,-23.5240678,-46.70194559999999
888,2019-04-06,De 15:11 a 16:15,0,intersection,15:11 ,16:15,-23.5205151,-46.701867
889,2019-04-06,De 15:16 a 15:55,0,intransitavel,15:16 ,15:55,-23.52655,-46.680817
890,2019-04-06,De 15:18 a 15:56,1,intersection,15:18 ,15:56,-23.5195747,-46.6741744
891,2019-04-06,De 15:30 a 15:45,0,intransitavel,15:30 ,15:45,-23.6081031,-46.69668679999999
892,2019-04-06,De 16:11 a 17:51,1,route,16:11 ,17:51,-23.5578715,-46.7144106
893,2019-04-06,De 15:15 a 17:31,1,transitavel,15:15 ,17:31,-23.5914102,-46.6897221
894,2019-04-06,De 15:17 a 17:29,1,route,15:17 ,17:29,-23.5575611,-46.7109394
895,2019-04-06,De 14:56 a 16:02,0,intersection,14:56 ,16:02,-23.5414483,-46.5351209
896,2019-04-06,De 14:56 a 16:02,1,intersection,14:56 ,16:02,-23.5414483,-46.5351209
897,2019-04-06,De 15:06 a 15:29,0,intersection,15:06 ,15:29,-23.5550119,-46.5171162
898,2019-04-06,De 15:16 a 16:30,0,establishment,15:16 ,16:30,-23.5471671,-46.530023
899,2019-04-06,De 14:20 a 18:08,1,intersection,14:20 ,18:08,-23.552072,-46.5769369
900,2019-04-06,De 15:13 a 15:48,1,route,15:13 ,15:48,-23.5902154,-46.5438071
901,2019-04-06,De 14:49 a 16:28,0,intransitavel,14:49 ,16:28,-23.5826097,-46.6524367
902,2019-04-06,De 14:57 a 16:12,1,transitavel,14:57 ,16:12,-23.5993634,-46.6532564
903,2019-04-06,De 14:57 a 16:12,1,transitavel,14:57 ,16:12,-23.5993634,-46.6532564
904,2019-04-06,De 16:01 a 19:10,1,street_address,16:01 ,19:10,-23.5854585,-46.6684139
905,2019-04-06,De 17:11 a 22:13,1,transitavel,17:11 ,22:13,-23.5837476,-46.6780743
906,2019-04-07,De 23:46 a 02:01,0,route,23:46 ,02:01,-23.4459999,-46.590168
907,2019-04-07,De 23:46 a 02:01,1,intersection,23:46 ,02:01,-23.5183042,-46.7458324
908,2019-04-07,De 22:36 a 02:01,1,intersection,22:36 ,02:01,-23.5202485,-46.7478851
909,2019-04-07,De 22:38 a 01:40,1,route,22:38 ,01:40,-23.5152999,-46.6585136
910,2019-04-07,De 23:30 a 23:37,1,intersection,23:30 ,23:37,-23.5150548,-46.6911891
911,2019-04-07,De 22:21 a 02:02,1,route,22:21 ,02:02,-23.5179509,-46.64946399999999
912,2019-04-08,De 17:46 a 18:38,1,route,17:46 ,18:38,-23.5179509,-46.64946399999999
913,2019-04-08,De 17:58 a 18:00,1,intersection,17:58 ,18:00,-23.4811136,-46.6745758
914,2019-04-08,De 14:34 a 14:35,1,street_address,14:34 ,14:35,-23.5379116,-46.6417273
915,2019-04-08,De 14:37 a 16:06,1,street_address,14:37 ,16:06,-23.5382919,-46.64121
916,2019-04-08,De 17:52 a 19:07,1,street_address,17:52 ,19:07,-23.5402935,-46.6398243
917,2019-04-08,De 17:56 a 18:46,1,intersection,17:56 ,18:46,-23.5881265,-46.6905352
918,2019-04-08,De 12:30 a 12:28,1,street_address,12:30 ,12:28,-23.5350322,-46.58181279999999
919,2019-04-08,De 18:06 a 18:44,1,intersection,18:06 ,18:44,-23.5418476,-46.6147544
920,2019-04-08,De 18:10 a 18:44,1,intersection,18:10 ,18:44,-23.5380499,-46.5989774
921,2019-04-08,De 18:10 a 18:44,1,intersection,18:10 ,18:44,-23.5397517,-46.6103897
922,2019-04-08,De 18:22 a 18:24,1,route,18:22 ,18:24,-23.5997472,-46.5517524
923,2019-04-08,De 18:22 a 20:10,1,intersection,18:22 ,20:10,-23.6080085,-46.5445349
924,2019-04-09,De 17:06 a ,1,route,17:06 ,,-23.5179509,-46.64946399999999
925,2019-04-09,De 17:56 a ,1,street_address,17:56 ,,-23.4834486,-46.7226769
926,2019-04-09,De 15:54 a ,1,route,15:54 ,,-23.5866554,-46.6914666
927,2019-04-09,De 16:03 a ,1,transitavel,16:03 ,,-23.6127701,-46.6988729
928,2019-04-09,De 15:48 a ,1,establishment,15:48 ,,-23.5721786,-46.7009942
929,2019-04-09,De 15:58 a ,1,intersection,15:58 ,,-23.5898417,-46.6930118
930,2019-04-09,De 16:03 a ,1,transitavel,16:03 ,,-23.6127701,-46.6988729
931,2019-04-09,De 16:08 a ,1,route,16:08 ,,-23.5575611,-46.7109394
932,2019-04-09,De 16:20 a ,1,route,16:20 ,,-23.5575611,-46.7109394
933,2019-04-09,De 16:39 a ,0,street_address,16:39 ,,-23.5660725,-46.6692885
934,2019-04-09,De 16:40 a 17:41,1,intersection,16:40 ,17:41,-23.5380499,-46.5989774
935,2019-04-09,De 15:40 a ,1,route,15:40 ,,-23.5974359,-46.6972704
936,2019-04-10,De 06:58 a 07:00,1,premise,06:58 ,07:00,-23.5313628,-46.7362519
937,2019-04-10,De 09:34 a 16:49,0,street_address,09:34 ,16:49,-23.4890939,-46.4014795
938,2019-04-11,De 08:18 a 08:46,1,intersection,08:18 ,08:46,-23.5427886,-46.64766030000001
939,2019-04-14,De 10:10 a 11:17,1,establishment,10:10 ,11:17,-23.5153037,-46.6667883
940,2019-04-14,De 11:31 a 12:00,1,establishment,11:31 ,12:00,-23.5133386,-46.6789971
941,2019-04-14,De 09:52 a 11:18,1,route,09:52 ,11:18,-23.5179509,-46.64946399999999
942,2019-04-14,De 16:16 a 21:09,1,intersection,16:16 ,21:09,-23.5531626,-46.61384460000001
943,2019-04-14,De 11:49 a 13:38,1,intersection,11:49 ,13:38,-23.6462723,-46.7253607
944,2019-04-16,De 20:18 a 20:32,1,intersection,20:18 ,20:32,-23.5041705,-46.6246697
945,2019-04-16,De 10:52 a 11:03,1,intersection,10:52 ,11:03,-23.5399147,-46.63072529999999
946,2019-04-22,De 08:20 a 10:20,1,intersection,08:20 ,10:20,-23.5399147,-46.63072529999999
947,2019-04-23,De 18:03 a 18:16,1,intersection,18:03 ,18:16,-23.5399147,-46.63072529999999
948,2019-04-25,De 07:27 a 07:40,1,intersection,07:27 ,07:40,-23.5399147,-46.63072529999999
949,2019-04-26,De 15:21 a 17:10,1,transitavel,15:21 ,17:10,-23.5189326,-46.6547652
950,2019-04-26,De 15:53 a 19:00,1,intersection,15:53 ,19:00,-23.5443053,-46.6325928
951,2019-04-26,De 16:01 a 16:52,1,intersection,16:01 ,16:52,-23.5568285,-46.6296005
952,2019-04-26,De 16:11 a 16:34,1,intersection,16:11 ,16:34,-23.5571917,-46.6285664
953,2019-04-26,De 16:15 a 19:00,1,intersection,16:15 ,19:00,-23.5427039,-46.6268799
954,2019-04-26,De 16:27 a 19:20,1,intersection,16:27 ,19:20,-23.5418808,-46.6301274
955,2019-04-26,De 16:32 a 17:25,1,intersection,16:32 ,17:25,-23.5375715,-46.64175119999999
956,2019-04-26,De 16:46 a 16:47,1,intersection,16:46 ,16:47,-23.5427039,-46.6268799
957,2019-04-26,De 16:50 a 17:25,1,intersection,16:50 ,17:25,-23.5404284,-46.6295011
958,2019-04-26,De 15:34 a 15:59,1,establishment,15:34 ,15:59,-23.5153037,-46.6667883
959,2019-04-26,De 16:39 a 18:20,1,street_address,16:39 ,18:20,-23.5522997,-46.6228665
960,2019-04-26,De 16:46 a 17:25,1,intersection,16:46 ,17:25,-23.5380499,-46.5989774
961,2019-04-26,De 16:25 a 16:55,1,intersection,16:25 ,16:55,-23.5834742,-46.654522
962,2019-04-26,De 16:32 a 16:57,1,intersection,16:32 ,16:57,-23.5834742,-46.654522
963,2019-04-28,De 18:28 a 19:24,1,administrative_area_level_1,18:28 ,19:24,35.5174913,-86.5804473
964,2019-04-28,De 17:55 a 19:48,1,intersection,17:55 ,19:48,-23.5171058,-46.7258309
965,2019-04-28,De 20:19 a 21:16,1,intersection,20:19 ,21:16,-23.5881265,-46.6905352
966,2019-04-28,De 18:05 a 21:18,1,intersection,18:05 ,21:18,-23.6653157,-46.6781231
967,2019-04-28,De 20:48 a 21:14,1,intersection,20:48 ,21:14,-23.6462723,-46.7253607
968,2019-04-29,De 04:38 a 04:47,1,intersection,04:38 ,04:47,-23.5427039,-46.6268799
969,2019-05-05,De 18:33 a 18:38,0,intersection,18:33 ,18:38,-23.5039206,-46.6846383
970,2019-05-05,De 18:47 a 19:25,1,route,18:47 ,19:25,-23.5179509,-46.64946399999999
971,2019-05-05,De 19:57 a 21:12,1,route,19:57 ,21:12,-23.5155997,-46.6595462
972,2019-05-05,De 18:38 a 19:18,1,intersection,18:38 ,19:18,-23.5195747,-46.6741744
973,2019-05-19,De 16:40 a 18:17,0,intersection,16:40 ,18:17,-23.5414483,-46.5351209
974,2019-05-19,De 16:40 a 18:17,0,intersection,16:40 ,18:17,-23.540056,-46.5423531
975,2019-05-19,De 16:40 a 17:52,0,intersection,16:40 ,17:52,-23.5550119,-46.5171162
976,2019-05-19,De 16:50 a 19:25,0,intersection,16:50 ,19:25,-23.5441466,-46.53109320000001
977,2019-05-19,De 16:50 a 19:25,0,intersection,16:50 ,19:25,-23.5480634,-46.5261307
978,2019-06-01,De 16:54 a 02:17,1,intersection,16:54 ,02:17,-23.6462723,-46.7253607
979,2019-06-01,De 20:36 a 02:19,1,intersection,20:36 ,02:19,-23.6462723,-46.7253607
980,2019-06-02,De 07:04 a 06:46,1,route,07:04 ,06:46,-23.5689122,-46.64086469999999
981,2019-06-02,De 14:20 a 21:16,1,intersection,14:20 ,21:16,-23.5702565,-46.7002181
982,2019-06-02,De 20:16 a 14:15,1,intersection,20:16 ,14:15,-23.5702565,-46.7002181
983,2019-06-02,De 20:50 a 21:15,1,intersection,20:50 ,21:15,-23.5480634,-46.5261307
984,2019-06-02,De 07:19 a 18:10,1,route,07:19 ,18:10,-23.5409715,-46.4494444
985,2019-06-02,De 08:20 a 08:40,1,intersection,08:20 ,08:40,-23.5377001,-46.4867092
986,2019-06-02,De 20:38 a 20:41,1,intersection,20:38 ,20:41,-23.581955,-46.4907206
987,2019-06-02,De 20:39 a 21:16,1,route,20:39 ,21:16,-23.57282,-46.4744099
988,2019-06-02,De 16:20 a 21:16,1,street_address,16:20 ,21:16,-23.6766461,-46.6419974
989,2019-06-03,De 12:01 a 12:32,1,intersection,12:01 ,12:32,-23.4811136,-46.6745758
990,2019-06-03,De 05:22 a 07:57,1,route,05:22 ,07:57,-23.4980653,-46.7470193
991,2019-06-03,De 09:44 a 10:20,1,street_address,09:44 ,10:20,-23.4271371,-46.7243753
992,2019-06-03,De 07:13 a 07:24,1,intersection,07:13 ,07:24,-23.5433336,-46.6455043
993,2019-06-03,De 07:17 a 07:19,1,intersection,07:17 ,07:19,-23.5438681,-46.6455288
994,2019-06-03,De 07:32 a 07:44,1,intersection,07:32 ,07:44,-23.5427039,-46.6268799
995,2019-06-03,De 07:51 a 07:55,1,intersection,07:51 ,07:55,-23.5360774,-46.6516595
996,2019-06-03,De 07:55 a 08:00,1,intersection,07:55 ,08:00,-23.5304459,-46.66102919999999
997,2019-06-03,De 09:27 a 09:35,1,intersection,09:27 ,09:35,-23.5725782,-46.7045018
998,2019-06-03,De 06:24 a 07:54,1,intersection,06:24 ,07:54,-23.5150548,-46.6911891
999,2019-06-03,De 07:03 a 07:56,1,intersection,07:03 ,07:56,-23.5235512,-46.7073139
1000,2019-06-03,De 05:33 a 10:18,1,intersection,05:33 ,10:18,-23.5881265,-46.6905352
1001,2019-06-03,De 05:43 a 07:44,1,transitavel,05:43 ,07:44,-23.5661229,-46.6693192
1002,2019-06-03,De 05:50 a 06:03,1,intersection,05:50 ,06:03,-23.566567,-46.66903
1003,2019-06-03,De 05:52 a 10:06,1,intersection,05:52 ,10:06,-23.5904283,-46.6912605
1004,2019-06-03,De 06:05 a 11:41,1,route,06:05 ,11:41,-23.553904,-46.7189479
1005,2019-06-03,De 06:26 a 07:42,1,intersection,06:26 ,07:42,-23.5628046,-46.67459239999999
1006,2019-06-03,De 07:41 a 08:14,1,intersection,07:41 ,08:14,-23.5702565,-46.7002181
1007,2019-06-03,De 09:13 a 09:28,1,intersection,09:13 ,09:28,-23.6250644,-46.6863733
1008,2019-06-03,De 10:11 a 13:04,1,intersection,10:11 ,13:04,-23.5520256,-46.4450668
1009,2019-06-03,De 07:09 a 13:25,1,intersection,07:09 ,13:25,-23.5520742,-46.6235387
1010,2019-06-03,De 08:02 a 08:26,1,transitavel,08:02 ,08:26,-23.5403212,-46.6116846
1011,2019-06-03,De 08:13 a 13:10,1,intersection,08:13 ,13:10,-23.5378738,-46.61767870000001
1012,2019-06-03,De 08:17 a 13:04,1,intersection,08:17 ,13:04,-23.5418476,-46.6147544
1013,2019-06-03,De 08:21 a 14:53,1,intersection,08:21 ,14:53,-23.5400925,-46.61158589999999
1014,2019-07-04,De 06:32 a 09:25,1,route,06:32 ,09:25,-23.5179509,-46.64946399999999
1015,2019-07-04,De 07:51 a 08:13,1,intersection,07:51 ,08:13,-23.4811136,-46.6745758
1016,2019-07-04,De 06:51 a 22:51,1,route,06:51 ,22:51,-23.5225187,-46.609986
1017,2019-07-04,De 06:18 a 10:34,1,intersection,06:18 ,10:34,-23.5183042,-46.7458324
1018,2019-07-04,De 08:24 a 08:34,1,street_address,08:24 ,08:34,-23.5315954,-46.6264748
1019,2019-07-04,De 14:55 a 15:06,1,transitavel,14:55 ,15:06,-23.5367526,-46.6422779
1020,2019-07-04,De 15:01 a 15:05,1,route,15:01 ,15:05,-23.5393987,-46.6327896
1021,2019-07-04,De 16:13 a 16:28,1,street_address,16:13 ,16:28,-23.5446915,-46.6327137
1022,2019-07-04,De 16:17 a 16:26,1,street_address,16:17 ,16:26,-23.5478599,-46.6310176
1023,2019-07-04,De 17:22 a 19:36,1,intersection,17:22 ,19:36,-23.5427039,-46.6268799
1024,2019-07-04,De 22:19 a 22:53,1,route,22:19 ,22:53,-23.5187464,-46.6300234
1025,2019-07-04,De 23:41 a 08:09,1,intersection,23:41 ,08:09,-23.5427039,-46.6268799
1026,2019-07-04,De 23:48 a 12:21,0,administrative_area_level_3,23:48 ,12:21,39.8031161,-7.4597725
1027,2019-07-04,De 23:48 a 12:21,0,administrative_area_level_3,23:48 ,12:21,39.8031161,-7.4597725
1028,2019-07-04,De 10:00 a 10:41,1,establishment,10:00 ,10:41,-23.5582886,-46.7115218
1029,2019-07-04,De 08:02 a 08:23,1,establishment,08:02 ,08:23,-23.5654811,-46.7023067
1030,2019-07-04,De 08:30 a 08:48,1,establishment,08:30 ,08:48,-23.6181633,-46.7009973
1031,2019-07-04,De 12:30 a 19:43,1,intersection,12:30 ,19:43,-23.5951954,-46.433344
1032,2019-07-04,De 13:28 a 13:59,1,intersection,13:28 ,13:59,-23.5502516,-46.5232584
1033,2019-07-04,De 13:28 a 14:53,1,intersection,13:28 ,14:53,-23.5480634,-46.5261307
1034,2019-07-04,De 15:19 a 16:00,1,intersection,15:19 ,16:00,-23.553502,-46.5180608
1035,2019-07-04,De 12:27 a 14:17,1,transitavel,12:27 ,14:17,-23.52887,-46.456656
1036,2019-07-04,De 17:58 a 21:42,1,route,17:58 ,21:42,-23.5404303,-46.449727
1037,2019-07-04,De 23:52 a 00:40,1,route,23:52 ,00:40,-23.5409715,-46.4494444
1038,2019-07-04,De 09:24 a 13:21,1,intersection,09:24 ,13:21,-23.5431983,-46.587157
1039,2019-07-04,De 10:30 a 12:09,1,transitavel,10:30 ,12:09,-23.539861,-46.585831
1040,2019-07-04,De 10:45 a 12:08,1,route,10:45 ,12:08,-23.5351693,-46.5827003
1041,2019-07-04,De 15:18 a 22:50,1,intersection,15:18 ,22:50,-23.5520243,-46.5777714
1042,2019-07-04,De 15:43 a 22:50,1,intersection,15:43 ,22:50,-23.5577269,-46.5776102
1043,2019-07-04,De 19:52 a 00:39,1,intersection,19:52 ,00:39,-23.529232,-46.5985754
1044,2019-07-04,De 20:23 a 20:49,1,street_address,20:23 ,20:49,-23.5303647,-46.5993749
1045,2019-07-04,De 11:14 a 11:20,1,intersection,11:14 ,11:20,-23.5359313,-46.49085909999999
1046,2019-07-04,De 12:41 a 16:03,1,intersection,12:41 ,16:03,-23.5507706,-46.5223402
1047,2019-07-04,De 08:23 a 15:40,1,intersection,08:23 ,15:40,-23.6986252,-46.6477997
1048,2019-07-04,De 07:32 a 17:00,1,intersection,07:32 ,17:00,-23.6462723,-46.7253607
1049,2019-07-04,De 07:56 a 08:05,1,intersection,07:56 ,08:05,-23.6462723,-46.7253607
1050,2019-07-04,De 15:07 a 15:35,1,route,15:07 ,15:35,-23.6583985,-46.702784
1051,2019-07-04,De 11:12 a 12:38,1,intersection,11:12 ,12:38,-23.6960174,-46.6501787
1052,2019-07-05,De 00:03 a 08:42,0,route,00:03 ,08:42,-23.5179509,-46.64946399999999
1053,2019-07-05,De 00:08 a 10:51,0,route,00:08 ,10:51,-23.5179509,-46.64946399999999
1054,2019-07-05,De 03:17 a 08:32,0,route,03:17 ,08:32,-23.5179509,-46.64946399999999
1055,2019-07-05,De 05:41 a 10:30,1,intersection,05:41 ,10:30,-23.5207413,-46.6542729
1056,2019-07-05,De 05:41 a 10:31,1,intersection,05:41 ,10:31,-23.5196744,-46.6556344
1057,2019-07-05,De 06:52 a 12:11,0,route,06:52 ,12:11,-23.5179509,-46.64946399999999
1058,2019-07-05,De 07:11 a 10:30,1,intersection,07:11 ,10:30,-23.5207741,-46.655603
1059,2019-07-05,De 07:51 a 08:09,1,intersection,07:51 ,08:09,-23.5427039,-46.6268799
1060,2019-07-05,De 07:28 a 07:32,1,intersection,07:28 ,07:32,-23.5725782,-46.7045018
1061,2019-07-05,De 01:43 a 11:51,1,route,01:43 ,11:51,-23.5259677,-46.74189759999999
1062,2019-07-05,De 04:14 a 12:09,1,intersection,04:14 ,12:09,-23.5269022,-46.7462836
1063,2019-07-05,De 06:06 a 11:19,1,route,06:06 ,11:19,-23.5087688,-46.68633579999999
1064,2019-07-05,De 06:28 a 12:10,1,intersection,06:28 ,12:10,-23.5234483,-46.7411994
1065,2019-07-05,De 07:47 a 13:57,1,intersection,07:47 ,13:57,-23.5471814,-46.7359685
1066,2019-07-05,De 09:11 a 12:11,1,street_address,09:11 ,12:11,-23.5207994,-46.6930823
1067,2019-07-05,De 01:42 a 15:37,1,intersection,01:42 ,15:37,-23.5881265,-46.6905352
1068,2019-07-05,De 07:09 a 07:11,1,intersection,07:09 ,07:11,-23.5628046,-46.67459239999999
1069,2019-07-05,De 07:53 a 10:25,1,intersection,07:53 ,10:25,-23.566567,-46.66903
1070,2019-07-05,De 07:55 a 13:56,1,street_address,07:55 ,13:56,-23.574122,-46.6677238
1071,2019-07-05,De 08:02 a 13:56,1,intersection,08:02 ,13:56,-23.5794113,-46.6772294
1072,2019-07-05,De 08:09 a 12:53,1,intersection,08:09 ,12:53,-23.5772968,-46.6802308
1073,2019-07-05,De 08:18 a 13:57,1,intersection,08:18 ,13:57,-23.5705606,-46.6731993
1074,2019-07-05,De 08:34 a 13:55,1,intersection,08:34 ,13:55,-23.566567,-46.66903
1075,2019-07-05,De 12:24 a 16:00,1,intersection,12:24 ,16:00,-23.552072,-46.5769369
1076,2019-07-05,De 05:28 a 11:23,1,establishment,05:28 ,11:23,-23.6181633,-46.7009973
1077,2019-09-01,De 14:01 a 17:47,1,route,14:01 ,17:47,-23.5179509,-46.64946399999999
1078,2019-09-01,De 00:28 a 01:12,1,intersection,00:28 ,01:12,-23.5299203,-46.6420086
1079,2019-09-01,De 14:24 a 00:10,1,street_address,14:24 ,00:10,-23.5379116,-46.6417273
1080,2019-09-01,De 19:05 a 00:10,1,premise,19:05 ,00:10,-23.5287445,-46.6244208
1081,2019-09-02,De 04:35 a 05:20,1,intersection,04:35 ,05:20,-23.5504292,-46.6381386
1082,2019-09-02,De 06:15 a 06:59,1,route,06:15 ,06:59,-23.5421063,-46.6275041
1083,2019-09-02,De 06:27 a 06:42,1,intersection,06:27 ,06:42,-23.5427039,-46.6268799
1084,2019-09-02,De 04:26 a 07:34,1,route,04:26 ,07:34,-23.5575611,-46.7109394
1085,2019-09-02,De 05:05 a 05:45,1,intersection,05:05 ,05:45,-23.5220475,-46.6563306
1086,2019-09-03,De 18:56 a 19:02,1,intersection,18:56 ,19:02,-23.552072,-46.5769369
